STRUCTURE,STRUCTURE_ID,STRUCTURE_NAME,ACTION,REF_AREA,,MEASURE,,UNIT_MEASURE,,TRANSFORMATION,,ADJUSTMENT,,SEX,,AGE,,ACTIVITY,,FREQ,,TIME_PERIOD,,OBS_VALUE,,BASE_PER,,OBS_STATUS,,UNIT_MULT,,DECIMALS,
DATAFLOW,OECD.SDD.TPS:DSD_LFS@DF_IALFS_EMP_WAP_Q(1.0),,I,KOR,,EMP_WAP,,PT_WAP_SUB,,_Z,,Y,,_T,,Y15T64,,_Z,,A,,2012,,64.34369,,,,A,,0,,1,
DATAFLOW,OECD.SDD.TPS:DSD_LFS@DF_IALFS_EMP_WAP_Q(1.0),,I,KOR,,EMP_WAP,,PT_WAP_SUB,,_Z,,Y,,_T,,Y15T64,,_Z,,A,,2013,,64.62727,,,,A,,0,,1,
DATAFLOW,OECD.SDD.TPS:DSD_LFS@DF_IALFS_EMP_WAP_Q(1.0),,I,KOR,,EMP_WAP,,PT_WAP_SUB,,_Z,,Y,,_T,,Y15T64,,_Z,,A,,2014,,65.56622,,,,A,,0,,1,
DATAFLOW,OECD.SDD.TPS:DSD_LFS@DF_IALFS_EMP_WAP_Q(1.0),,I,KOR,,EMP_WAP,,PT_WAP_SUB,,_Z,,Y,,_T,,Y15T64,,_Z,,A,,2015,,65.90981,,,,A,,0,,1,
DATAFLOW,OECD.SDD.TPS:DSD_LFS@DF_IALFS_EMP_WAP_Q(1.0),,I,KOR,,EMP_WAP,,PT_WAP_SUB,,_Z,,Y,,_T,,Y15T64,,_Z,,A,,2016,,66.07566,,,,A,,0,,1,
DATAFLOW,OECD.SDD.TPS:DSD_LFS@DF_IALFS_EMP_WAP_Q(1.0),,I,KOR,,EMP_WAP,,PT_WAP_SUB,,_Z,,Y,,_T,,Y15T64,,_Z,,A,,2017,,66.62926,,,,A,,0,,1,
DATAFLOW,OECD.SDD.TPS:DSD_LFS@DF_IALFS_EMP_WAP_Q(1.0),,I,KOR,,EMP_WAP,,PT_WAP_SUB,,_Z,,Y,,_T,,Y15T64,,_Z,,A,,2018,,66.61324,,,,A,,0,,1,
DATAFLOW,OECD.SDD.TPS:DSD_LFS@DF_IALFS_EMP_WAP_Q(1.0),,I,KOR,,EMP_WAP,,PT_WAP_SUB,,_Z,,Y,,_T,,Y15T64,,_Z,,A,,2019,,66.82268,,,,A,,0,,1,
DATAFLOW,OECD.SDD.TPS:DSD_LFS@DF_IALFS_EMP_WAP_Q(1.0),,I,KOR,,EMP_WAP,,PT_WAP_SUB,,_Z,,Y,,_T,,Y15T64,,_Z,,A,,2020,,65.86022,,,,A,,0,,1,
DATAFLOW,OECD.SDD.TPS:DSD_LFS@DF_IALFS_EMP_WAP_Q(1.0),,I,KOR,,EMP_WAP,,PT_WAP_SUB,,_Z,,Y,,_T,,Y15T64,,_Z,,A,,2021,,66.52686,,,,A,,0,,1,
DATAFLOW,OECD.SDD.TPS:DSD_LFS@DF_IALFS_EMP_WAP_Q(1.0),,I,KOR,,EMP_WAP,,PT_WAP_SUB,,_Z,,Y,,_T,,Y15T64,,_Z,,A,,2022,,68.51241,,,,A,,0,,1,
DATAFLOW,OECD.SDD.TPS:DSD_LFS@DF_IALFS_EMP_WAP_Q(1.0),,I,NLD,,EMP_WAP,,PT_WAP_SUB,,_Z,,Y,,_T,,Y15T64,,_Z,,A,,2012,,75.9,,,,A,,0,,1,
DATAFLOW,OECD.SDD.TPS:DSD_LFS@DF_IALFS_EMP_WAP_Q(1.0),,I,NLD,,EMP_WAP,,PT_WAP_SUB,,_Z,,Y,,_T,,Y15T64,,_Z,,A,,2013,,75.1,,,,A,,0,,1,
DATAFLOW,OECD.SDD.TPS:DSD_LFS@DF_IALFS_EMP_WAP_Q(1.0),,I,NLD,,EMP_WAP,,PT_WAP_SUB,,_Z,,Y,,_T,,Y15T64,,_Z,,A,,2014,,74.65,,,,A,,0,,1,
DATAFLOW,OECD.SDD.TPS:DSD_LFS@DF_IALFS_EMP_WAP_Q(1.0),,I,NLD,,EMP_WAP,,PT_WAP_SUB,,_Z,,Y,,_T,,Y15T64,,_Z,,A,,2015,,75.65,,,,A,,0,,1,
DATAFLOW,OECD.SDD.TPS:DSD_LFS@DF_IALFS_EMP_WAP_Q(1.0),,I,NLD,,EMP_WAP,,PT_WAP_SUB,,_Z,,Y,,_T,,Y15T64,,_Z,,A,,2016,,76.375,,,,A,,0,,1,
DATAFLOW,OECD.SDD.TPS:DSD_LFS@DF_IALFS_EMP_WAP_Q(1.0),,I,NLD,,EMP_WAP,,PT_WAP_SUB,,_Z,,Y,,_T,,Y15T64,,_Z,,A,,2017,,77.375,,,,A,,0,,1,
DATAFLOW,OECD.SDD.TPS:DSD_LFS@DF_IALFS_EMP_WAP_Q(1.0),,I,NLD,,EMP_WAP,,PT_WAP_SUB,,_Z,,Y,,_T,,Y15T64,,_Z,,A,,2018,,78.7,,,,A,,0,,1,
DATAFLOW,OECD.SDD.TPS:DSD_LFS@DF_IALFS_EMP_WAP_Q(1.0),,I,NLD,,EMP_WAP,,PT_WAP_SUB,,_Z,,Y,,_T,,Y15T64,,_Z,,A,,2019,,79.7,,,,A,,0,,1,
DATAFLOW,OECD.SDD.TPS:DSD_LFS@DF_IALFS_EMP_WAP_Q(1.0),,I,NLD,,EMP_WAP,,PT_WAP_SUB,,_Z,,Y,,_T,,Y15T64,,_Z,,A,,2020,,79.3,,,,A,,0,,1,
DATAFLOW,OECD.SDD.TPS:DSD_LFS@DF_IALFS_EMP_WAP_Q(1.0),,I,NLD,,EMP_WAP,,PT_WAP_SUB,,_Z,,Y,,_T,,Y15T64,,_Z,,A,,2021,,80.15,,,,A,,0,,1,
DATAFLOW,OECD.SDD.TPS:DSD_LFS@DF_IALFS_EMP_WAP_Q(1.0),,I,NLD,,EMP_WAP,,PT_WAP_SUB,,_Z,,Y,,_T,,Y15T64,,_Z,,A,,2022,,81.775,,,,A,,0,,1,
DATAFLOW,OECD.SDD.TPS:DSD_LFS@DF_IALFS_EMP_WAP_Q(1.0),,I,TUR,,EMP_WAP,,PT_WAP_SUB,,_Z,,Y,,_T,,Y15T64,,_Z,,A,,2012,,48.9,,,,A,,0,,1,
DATAFLOW,OECD.SDD.TPS:DSD_LFS@DF_IALFS_EMP_WAP_Q(1.0),,I,TUR,,EMP_WAP,,PT_WAP_SUB,,_Z,,Y,,_T,,Y15T64,,_Z,,A,,2013,,49.525,,,,B,,0,,1,
DATAFLOW,OECD.SDD.TPS:DSD_LFS@DF_IALFS_EMP_WAP_Q(1.0),,I,TUR,,EMP_WAP,,PT_WAP_SUB,,_Z,,Y,,_T,,Y15T64,,_Z,,A,,2014,,49.525,,,,A,,0,,1,
DATAFLOW,OECD.SDD.TPS:DSD_LFS@DF_IALFS_EMP_WAP_Q(1.0),,I,TUR,,EMP_WAP,,PT_WAP_SUB,,_Z,,Y,,_T,,Y15T64,,_Z,,A,,2015,,50.15,,,,A,,0,,1,
DATAFLOW,OECD.SDD.TPS:DSD_LFS@DF_IALFS_EMP_WAP_Q(1.0),,I,TUR,,EMP_WAP,,PT_WAP_SUB,,_Z,,Y,,_T,,Y15T64,,_Z,,A,,2016,,50.65,,,,A,,0,,1,
DATAFLOW,OECD.SDD.TPS:DSD_LFS@DF_IALFS_EMP_WAP_Q(1.0),,I,TUR,,EMP_WAP,,PT_WAP_SUB,,_Z,,Y,,_T,,Y15T64,,_Z,,A,,2017,,51.55,,,,A,,0,,1,
DATAFLOW,OECD.SDD.TPS:DSD_LFS@DF_IALFS_EMP_WAP_Q(1.0),,I,TUR,,EMP_WAP,,PT_WAP_SUB,,_Z,,Y,,_T,,Y15T64,,_Z,,A,,2018,,51.975,,,,A,,0,,1,
DATAFLOW,OECD.SDD.TPS:DSD_LFS@DF_IALFS_EMP_WAP_Q(1.0),,I,TUR,,EMP_WAP,,PT_WAP_SUB,,_Z,,Y,,_T,,Y15T64,,_Z,,A,,2019,,50.3,,,,A,,0,,1,
DATAFLOW,OECD.SDD.TPS:DSD_LFS@DF_IALFS_EMP_WAP_Q(1.0),,I,TUR,,EMP_WAP,,PT_WAP_SUB,,_Z,,Y,,_T,,Y15T64,,_Z,,A,,2020,,47.5,,,,B,,0,,1,
DATAFLOW,OECD.SDD.TPS:DSD_LFS@DF_IALFS_EMP_WAP_Q(1.0),,I,TUR,,EMP_WAP,,PT_WAP_SUB,,_Z,,Y,,_T,,Y15T64,,_Z,,A,,2021,,50.25,,,,A,,0,,1,
DATAFLOW,OECD.SDD.TPS:DSD_LFS@DF_IALFS_EMP_WAP_Q(1.0),,I,TUR,,EMP_WAP,,PT_WAP_SUB,,_Z,,Y,,_T,,Y15T64,,_Z,,A,,2022,,52.825,,,,A,,0,,1,
DATAFLOW,OECD.SDD.TPS:DSD_LFS@DF_IALFS_EMP_WAP_Q(1.0),,I,ISL,,EMP_WAP,,PT_WAP_SUB,,_Z,,Y,,_T,,Y15T64,,_Z,,A,,2012,,79.675,,,,A,,0,,1,
DATAFLOW,OECD.SDD.TPS:DSD_LFS@DF_IALFS_EMP_WAP_Q(1.0),,I,ISL,,EMP_WAP,,PT_WAP_SUB,,_Z,,Y,,_T,,Y15T64,,_Z,,A,,2013,,81.1,,,,A,,0,,1,
DATAFLOW,OECD.SDD.TPS:DSD_LFS@DF_IALFS_EMP_WAP_Q(1.0),,I,ISL,,EMP_WAP,,PT_WAP_SUB,,_Z,,Y,,_T,,Y15T64,,_Z,,A,,2014,,82.95,,,,A,,0,,1,
DATAFLOW,OECD.SDD.TPS:DSD_LFS@DF_IALFS_EMP_WAP_Q(1.0),,I,ISL,,EMP_WAP,,PT_WAP_SUB,,_Z,,Y,,_T,,Y15T64,,_Z,,A,,2015,,84.725,,,,A,,0,,1,
DATAFLOW,OECD.SDD.TPS:DSD_LFS@DF_IALFS_EMP_WAP_Q(1.0),,I,ISL,,EMP_WAP,,PT_WAP_SUB,,_Z,,Y,,_T,,Y15T64,,_Z,,A,,2016,,86.525,,,,A,,0,,1,
DATAFLOW,OECD.SDD.TPS:DSD_LFS@DF_IALFS_EMP_WAP_Q(1.0),,I,ISL,,EMP_WAP,,PT_WAP_SUB,,_Z,,Y,,_T,,Y15T64,,_Z,,A,,2017,,86.1,,,,A,,0,,1,
DATAFLOW,OECD.SDD.TPS:DSD_LFS@DF_IALFS_EMP_WAP_Q(1.0),,I,ISL,,EMP_WAP,,PT_WAP_SUB,,_Z,,Y,,_T,,Y15T64,,_Z,,A,,2018,,85.075,,,,A,,0,,1,
DATAFLOW,OECD.SDD.TPS:DSD_LFS@DF_IALFS_EMP_WAP_Q(1.0),,I,ISL,,EMP_WAP,,PT_WAP_SUB,,_Z,,Y,,_T,,Y15T64,,_Z,,A,,2019,,84.1,,,,A,,0,,1,
DATAFLOW,OECD.SDD.TPS:DSD_LFS@DF_IALFS_EMP_WAP_Q(1.0),,I,ISL,,EMP_WAP,,PT_WAP_SUB,,_Z,,Y,,_T,,Y15T64,,_Z,,A,,2020,,80.3,,,,B,,0,,1,
DATAFLOW,OECD.SDD.TPS:DSD_LFS@DF_IALFS_EMP_WAP_Q(1.0),,I,ISL,,EMP_WAP,,PT_WAP_SUB,,_Z,,Y,,_T,,Y15T64,,_Z,,A,,2021,,79.75,,,,A,,0,,1,
DATAFLOW,OECD.SDD.TPS:DSD_LFS@DF_IALFS_EMP_WAP_Q(1.0),,I,ISL,,EMP_WAP,,PT_WAP_SUB,,_Z,,Y,,_T,,Y15T64,,_Z,,A,,2022,,83.275,,,,A,,0,,1,
DATAFLOW,OECD.SDD.TPS:DSD_LFS@DF_IALFS_EMP_WAP_Q(1.0),,I,ESP,,EMP_WAP,,PT_WAP_SUB,,_Z,,Y,,_T,,Y15T64,,_Z,,A,,2012,,55.75,,,,A,,0,,1,
DATAFLOW,OECD.SDD.TPS:DSD_LFS@DF_IALFS_EMP_WAP_Q(1.0),,I,ESP,,EMP_WAP,,PT_WAP_SUB,,_Z,,Y,,_T,,Y15T64,,_Z,,A,,2013,,54.825,,,,A,,0,,1,
DATAFLOW,OECD.SDD.TPS:DSD_LFS@DF_IALFS_EMP_WAP_Q(1.0),,I,ESP,,EMP_WAP,,PT_WAP_SUB,,_Z,,Y,,_T,,Y15T64,,_Z,,A,,2014,,56,,,,A,,0,,1,
DATAFLOW,OECD.SDD.TPS:DSD_LFS@DF_IALFS_EMP_WAP_Q(1.0),,I,ESP,,EMP_WAP,,PT_WAP_SUB,,_Z,,Y,,_T,,Y15T64,,_Z,,A,,2015,,57.8,,,,A,,0,,1,
DATAFLOW,OECD.SDD.TPS:DSD_LFS@DF_IALFS_EMP_WAP_Q(1.0),,I,ESP,,EMP_WAP,,PT_WAP_SUB,,_Z,,Y,,_T,,Y15T64,,_Z,,A,,2016,,59.55,,,,A,,0,,1,
DATAFLOW,OECD.SDD.TPS:DSD_LFS@DF_IALFS_EMP_WAP_Q(1.0),,I,ESP,,EMP_WAP,,PT_WAP_SUB,,_Z,,Y,,_T,,Y15T64,,_Z,,A,,2017,,61.1,,,,A,,0,,1,
DATAFLOW,OECD.SDD.TPS:DSD_LFS@DF_IALFS_EMP_WAP_Q(1.0),,I,ESP,,EMP_WAP,,PT_WAP_SUB,,_Z,,Y,,_T,,Y15T64,,_Z,,A,,2018,,62.4,,,,A,,0,,1,
DATAFLOW,OECD.SDD.TPS:DSD_LFS@DF_IALFS_EMP_WAP_Q(1.0),,I,ESP,,EMP_WAP,,PT_WAP_SUB,,_Z,,Y,,_T,,Y15T64,,_Z,,A,,2019,,63.3,,,,A,,0,,1,
DATAFLOW,OECD.SDD.TPS:DSD_LFS@DF_IALFS_EMP_WAP_Q(1.0),,I,ESP,,EMP_WAP,,PT_WAP_SUB,,_Z,,Y,,_T,,Y15T64,,_Z,,A,,2020,,60.95,,,,A,,0,,1,
DATAFLOW,OECD.SDD.TPS:DSD_LFS@DF_IALFS_EMP_WAP_Q(1.0),,I,ESP,,EMP_WAP,,PT_WAP_SUB,,_Z,,Y,,_T,,Y15T64,,_Z,,A,,2021,,62.625,,,,A,,0,,1,
DATAFLOW,OECD.SDD.TPS:DSD_LFS@DF_IALFS_EMP_WAP_Q(1.0),,I,ESP,,EMP_WAP,,PT_WAP_SUB,,_Z,,Y,,_T,,Y15T64,,_Z,,A,,2022,,64.275,,,,A,,0,,1,
DATAFLOW,OECD.SDD.TPS:DSD_LFS@DF_IALFS_EMP_WAP_Q(1.0),,I,EA20,,EMP_WAP,,PT_WAP_SUB,,_Z,,Y,,_T,,Y15T64,,_Z,,A,,2015,,64.325,,,,A,,0,,1,
DATAFLOW,OECD.SDD.TPS:DSD_LFS@DF_IALFS_EMP_WAP_Q(1.0),,I,EA20,,EMP_WAP,,PT_WAP_SUB,,_Z,,Y,,_T,,Y15T64,,_Z,,A,,2016,,65.275,,,,A,,0,,1,
DATAFLOW,OECD.SDD.TPS:DSD_LFS@DF_IALFS_EMP_WAP_Q(1.0),,I,EA20,,EMP_WAP,,PT_WAP_SUB,,_Z,,Y,,_T,,Y15T64,,_Z,,A,,2017,,66.225,,,,A,,0,,1,
DATAFLOW,OECD.SDD.TPS:DSD_LFS@DF_IALFS_EMP_WAP_Q(1.0),,I,EA20,,EMP_WAP,,PT_WAP_SUB,,_Z,,Y,,_T,,Y15T64,,_Z,,A,,2018,,67.175,,,,A,,0,,1,
DATAFLOW,OECD.SDD.TPS:DSD_LFS@DF_IALFS_EMP_WAP_Q(1.0),,I,EA20,,EMP_WAP,,PT_WAP_SUB,,_Z,,Y,,_T,,Y15T64,,_Z,,A,,2019,,67.875,,,,A,,0,,1,
DATAFLOW,OECD.SDD.TPS:DSD_LFS@DF_IALFS_EMP_WAP_Q(1.0),,I,EA20,,EMP_WAP,,PT_WAP_SUB,,_Z,,Y,,_T,,Y15T64,,_Z,,A,,2020,,66.6,,,,A,,0,,1,
DATAFLOW,OECD.SDD.TPS:DSD_LFS@DF_IALFS_EMP_WAP_Q(1.0),,I,EA20,,EMP_WAP,,PT_WAP_SUB,,_Z,,Y,,_T,,Y15T64,,_Z,,A,,2021,,67.775,,,,A,,0,,1,
DATAFLOW,OECD.SDD.TPS:DSD_LFS@DF_IALFS_EMP_WAP_Q(1.0),,I,EA20,,EMP_WAP,,PT_WAP_SUB,,_Z,,Y,,_T,,Y15T64,,_Z,,A,,2022,,69.375,,,,A,,0,,1,
DATAFLOW,OECD.SDD.TPS:DSD_LFS@DF_IALFS_EMP_WAP_Q(1.0),,I,EA20,,EMP_WAP,,PT_WAP_SUB,,_Z,,Y,,_T,,Y15T64,,_Z,,A,,2023,,70.05,,,,A,,0,,1,
DATAFLOW,OECD.SDD.TPS:DSD_LFS@DF_IALFS_EMP_WAP_Q(1.0),,I,EA20,,EMP_WAP,,PT_WAP_SUB,,_Z,,Y,,_T,,Y15T64,,_Z,,A,,2012,,63.35,,,,A,,0,,1,
DATAFLOW,OECD.SDD.TPS:DSD_LFS@DF_IALFS_EMP_WAP_Q(1.0),,I,EA20,,EMP_WAP,,PT_WAP_SUB,,_Z,,Y,,_T,,Y15T64,,_Z,,A,,2013,,63.1,,,,A,,0,,1,
DATAFLOW,OECD.SDD.TPS:DSD_LFS@DF_IALFS_EMP_WAP_Q(1.0),,I,ITA,,EMP_WAP,,PT_WAP_SUB,,_Z,,Y,,_T,,Y15T64,,_Z,,A,,2012,,56.075,,,,A,,0,,1,
DATAFLOW,OECD.SDD.TPS:DSD_LFS@DF_IALFS_EMP_WAP_Q(1.0),,I,ITA,,EMP_WAP,,PT_WAP_SUB,,_Z,,Y,,_T,,Y15T64,,_Z,,A,,2013,,54.95,,,,A,,0,,1,
DATAFLOW,OECD.SDD.TPS:DSD_LFS@DF_IALFS_EMP_WAP_Q(1.0),,I,ITA,,EMP_WAP,,PT_WAP_SUB,,_Z,,Y,,_T,,Y15T64,,_Z,,A,,2014,,55.275,,,,A,,0,,1,
DATAFLOW,OECD.SDD.TPS:DSD_LFS@DF_IALFS_EMP_WAP_Q(1.0),,I,ITA,,EMP_WAP,,PT_WAP_SUB,,_Z,,Y,,_T,,Y15T64,,_Z,,A,,2015,,56.025,,,,A,,0,,1,
DATAFLOW,OECD.SDD.TPS:DSD_LFS@DF_IALFS_EMP_WAP_Q(1.0),,I,ITA,,EMP_WAP,,PT_WAP_SUB,,_Z,,Y,,_T,,Y15T64,,_Z,,A,,2016,,57.05,,,,A,,0,,1,
DATAFLOW,OECD.SDD.TPS:DSD_LFS@DF_IALFS_EMP_WAP_Q(1.0),,I,ITA,,EMP_WAP,,PT_WAP_SUB,,_Z,,Y,,_T,,Y15T64,,_Z,,A,,2017,,57.875,,,,A,,0,,1,
DATAFLOW,OECD.SDD.TPS:DSD_LFS@DF_IALFS_EMP_WAP_Q(1.0),,I,ITA,,EMP_WAP,,PT_WAP_SUB,,_Z,,Y,,_T,,Y15T64,,_Z,,A,,2018,,58.5,,,,A,,0,,1,
DATAFLOW,OECD.SDD.TPS:DSD_LFS@DF_IALFS_EMP_WAP_Q(1.0),,I,ITA,,EMP_WAP,,PT_WAP_SUB,,_Z,,Y,,_T,,Y15T64,,_Z,,A,,2019,,59.05,,,,A,,0,,1,
DATAFLOW,OECD.SDD.TPS:DSD_LFS@DF_IALFS_EMP_WAP_Q(1.0),,I,ITA,,EMP_WAP,,PT_WAP_SUB,,_Z,,Y,,_T,,Y15T64,,_Z,,A,,2020,,57.45,,,,A,,0,,1,
DATAFLOW,OECD.SDD.TPS:DSD_LFS@DF_IALFS_EMP_WAP_Q(1.0),,I,ITA,,EMP_WAP,,PT_WAP_SUB,,_Z,,Y,,_T,,Y15T64,,_Z,,A,,2021,,58.25,,,,A,,0,,1,
DATAFLOW,OECD.SDD.TPS:DSD_LFS@DF_IALFS_EMP_WAP_Q(1.0),,I,ITA,,EMP_WAP,,PT_WAP_SUB,,_Z,,Y,,_T,,Y15T64,,_Z,,A,,2022,,60.15,,,,A,,0,,1,
DATAFLOW,OECD.SDD.TPS:DSD_LFS@DF_IALFS_EMP_WAP_Q(1.0),,I,USA,,EMP_WAP,,PT_WAP_SUB,,_Z,,Y,,_T,,Y15T64,,_Z,,A,,2012,,67.13661,,,,A,,0,,1,
DATAFLOW,OECD.SDD.TPS:DSD_LFS@DF_IALFS_EMP_WAP_Q(1.0),,I,USA,,EMP_WAP,,PT_WAP_SUB,,_Z,,Y,,_T,,Y15T64,,_Z,,A,,2013,,67.35994,,,,A,,0,,1,
DATAFLOW,OECD.SDD.TPS:DSD_LFS@DF_IALFS_EMP_WAP_Q(1.0),,I,USA,,EMP_WAP,,PT_WAP_SUB,,_Z,,Y,,_T,,Y15T64,,_Z,,A,,2014,,68.14875,,,,A,,0,,1,
DATAFLOW,OECD.SDD.TPS:DSD_LFS@DF_IALFS_EMP_WAP_Q(1.0),,I,USA,,EMP_WAP,,PT_WAP_SUB,,_Z,,Y,,_T,,Y15T64,,_Z,,A,,2015,,68.70962,,,,A,,0,,1,
DATAFLOW,OECD.SDD.TPS:DSD_LFS@DF_IALFS_EMP_WAP_Q(1.0),,I,USA,,EMP_WAP,,PT_WAP_SUB,,_Z,,Y,,_T,,Y15T64,,_Z,,A,,2016,,69.35136,,,,A,,0,,1,
DATAFLOW,OECD.SDD.TPS:DSD_LFS@DF_IALFS_EMP_WAP_Q(1.0),,I,USA,,EMP_WAP,,PT_WAP_SUB,,_Z,,Y,,_T,,Y15T64,,_Z,,A,,2017,,70.11017,,,,A,,0,,1,
DATAFLOW,OECD.SDD.TPS:DSD_LFS@DF_IALFS_EMP_WAP_Q(1.0),,I,USA,,EMP_WAP,,PT_WAP_SUB,,_Z,,Y,,_T,,Y15T64,,_Z,,A,,2018,,70.72614,,,,A,,0,,1,
DATAFLOW,OECD.SDD.TPS:DSD_LFS@DF_IALFS_EMP_WAP_Q(1.0),,I,USA,,EMP_WAP,,PT_WAP_SUB,,_Z,,Y,,_T,,Y15T64,,_Z,,A,,2019,,71.35841,,,,A,,0,,1,
DATAFLOW,OECD.SDD.TPS:DSD_LFS@DF_IALFS_EMP_WAP_Q(1.0),,I,USA,,EMP_WAP,,PT_WAP_SUB,,_Z,,Y,,_T,,Y15T64,,_Z,,A,,2020,,67.06998,,,,A,,0,,1,
DATAFLOW,OECD.SDD.TPS:DSD_LFS@DF_IALFS_EMP_WAP_Q(1.0),,I,USA,,EMP_WAP,,PT_WAP_SUB,,_Z,,Y,,_T,,Y15T64,,_Z,,A,,2021,,69.40365,,,,A,,0,,1,
DATAFLOW,OECD.SDD.TPS:DSD_LFS@DF_IALFS_EMP_WAP_Q(1.0),,I,USA,,EMP_WAP,,PT_WAP_SUB,,_Z,,Y,,_T,,Y15T64,,_Z,,A,,2022,,71.27018,,,,A,,0,,1,
DATAFLOW,OECD.SDD.TPS:DSD_LFS@DF_IALFS_EMP_WAP_Q(1.0),,I,G7,,EMP_WAP,,PT_WAP_SUB,,_Z,,Y,,_T,,Y15T64,,_Z,,A,,2012,,67.70052,,,,E,,0,,1,
DATAFLOW,OECD.SDD.TPS:DSD_LFS@DF_IALFS_EMP_WAP_Q(1.0),,I,G7,,EMP_WAP,,PT_WAP_SUB,,_Z,,Y,,_T,,Y15T64,,_Z,,A,,2013,,68.01307,,,,E,,0,,1,
DATAFLOW,OECD.SDD.TPS:DSD_LFS@DF_IALFS_EMP_WAP_Q(1.0),,I,G7,,EMP_WAP,,PT_WAP_SUB,,_Z,,Y,,_T,,Y15T64,,_Z,,A,,2014,,68.68153,,,,E,,0,,1,
DATAFLOW,OECD.SDD.TPS:DSD_LFS@DF_IALFS_EMP_WAP_Q(1.0),,I,G7,,EMP_WAP,,PT_WAP_SUB,,_Z,,Y,,_T,,Y15T64,,_Z,,A,,2015,,69.19611,,,,E,,0,,1,
DATAFLOW,OECD.SDD.TPS:DSD_LFS@DF_IALFS_EMP_WAP_Q(1.0),,I,G7,,EMP_WAP,,PT_WAP_SUB,,_Z,,Y,,_T,,Y15T64,,_Z,,A,,2016,,69.90267,,,,E,,0,,1,
DATAFLOW,OECD.SDD.TPS:DSD_LFS@DF_IALFS_EMP_WAP_Q(1.0),,I,G7,,EMP_WAP,,PT_WAP_SUB,,_Z,,Y,,_T,,Y15T64,,_Z,,A,,2017,,70.65855,,,,E,,0,,1,
DATAFLOW,OECD.SDD.TPS:DSD_LFS@DF_IALFS_EMP_WAP_Q(1.0),,I,G7,,EMP_WAP,,PT_WAP_SUB,,_Z,,Y,,_T,,Y15T64,,_Z,,A,,2018,,71.43558,,,,E,,0,,1,
DATAFLOW,OECD.SDD.TPS:DSD_LFS@DF_IALFS_EMP_WAP_Q(1.0),,I,G7,,EMP_WAP,,PT_WAP_SUB,,_Z,,Y,,_T,,Y15T64,,_Z,,A,,2019,,72.08088,,,,E,,0,,1,
DATAFLOW,OECD.SDD.TPS:DSD_LFS@DF_IALFS_EMP_WAP_Q(1.0),,I,G7,,EMP_WAP,,PT_WAP_SUB,,_Z,,Y,,_T,,Y15T64,,_Z,,A,,2020,,69.59152,,,,E,,0,,1,
DATAFLOW,OECD.SDD.TPS:DSD_LFS@DF_IALFS_EMP_WAP_Q(1.0),,I,G7,,EMP_WAP,,PT_WAP_SUB,,_Z,,Y,,_T,,Y15T64,,_Z,,A,,2021,,71.05892,,,,E,,0,,1,
DATAFLOW,OECD.SDD.TPS:DSD_LFS@DF_IALFS_EMP_WAP_Q(1.0),,I,G7,,EMP_WAP,,PT_WAP_SUB,,_Z,,Y,,_T,,Y15T64,,_Z,,A,,2022,,72.4355,,,,E,,0,,1,
DATAFLOW,OECD.SDD.TPS:DSD_LFS@DF_IALFS_EMP_WAP_Q(1.0),,I,CZE,,EMP_WAP,,PT_WAP_SUB,,_Z,,Y,,_T,,Y15T64,,_Z,,A,,2015,,70.225,,,,A,,0,,1,
DATAFLOW,OECD.SDD.TPS:DSD_LFS@DF_IALFS_EMP_WAP_Q(1.0),,I,CZE,,EMP_WAP,,PT_WAP_SUB,,_Z,,Y,,_T,,Y15T64,,_Z,,A,,2016,,71.95,,,,A,,0,,1,
DATAFLOW,OECD.SDD.TPS:DSD_LFS@DF_IALFS_EMP_WAP_Q(1.0),,I,CZE,,EMP_WAP,,PT_WAP_SUB,,_Z,,Y,,_T,,Y15T64,,_Z,,A,,2017,,73.625,,,,A,,0,,1,
DATAFLOW,OECD.SDD.TPS:DSD_LFS@DF_IALFS_EMP_WAP_Q(1.0),,I,CZE,,EMP_WAP,,PT_WAP_SUB,,_Z,,Y,,_T,,Y15T64,,_Z,,A,,2018,,74.825,,,,A,,0,,1,
DATAFLOW,OECD.SDD.TPS:DSD_LFS@DF_IALFS_EMP_WAP_Q(1.0),,I,CZE,,EMP_WAP,,PT_WAP_SUB,,_Z,,Y,,_T,,Y15T64,,_Z,,A,,2019,,75.125,,,,A,,0,,1,
DATAFLOW,OECD.SDD.TPS:DSD_LFS@DF_IALFS_EMP_WAP_Q(1.0),,I,CZE,,EMP_WAP,,PT_WAP_SUB,,_Z,,Y,,_T,,Y15T64,,_Z,,A,,2020,,74.4,,,,A,,0,,1,
DATAFLOW,OECD.SDD.TPS:DSD_LFS@DF_IALFS_EMP_WAP_Q(1.0),,I,CZE,,EMP_WAP,,PT_WAP_SUB,,_Z,,Y,,_T,,Y15T64,,_Z,,A,,2021,,74.4,,,,B,,0,,1,
DATAFLOW,OECD.SDD.TPS:DSD_LFS@DF_IALFS_EMP_WAP_Q(1.0),,I,CZE,,EMP_WAP,,PT_WAP_SUB,,_Z,,Y,,_T,,Y15T64,,_Z,,A,,2022,,75.475,,,,A,,0,,1,
DATAFLOW,OECD.SDD.TPS:DSD_LFS@DF_IALFS_EMP_WAP_Q(1.0),,I,CZE,,EMP_WAP,,PT_WAP_SUB,,_Z,,Y,,_T,,Y15T64,,_Z,,A,,2023,,75.1,,,,A,,0,,1,
DATAFLOW,OECD.SDD.TPS:DSD_LFS@DF_IALFS_EMP_WAP_Q(1.0),,I,CZE,,EMP_WAP,,PT_WAP_SUB,,_Z,,Y,,_T,,Y15T64,,_Z,,A,,2012,,66.55,,,,A,,0,,1,
DATAFLOW,OECD.SDD.TPS:DSD_LFS@DF_IALFS_EMP_WAP_Q(1.0),,I,CZE,,EMP_WAP,,PT_WAP_SUB,,_Z,,Y,,_T,,Y15T64,,_Z,,A,,2013,,67.725,,,,A,,0,,1,
DATAFLOW,OECD.SDD.TPS:DSD_LFS@DF_IALFS_EMP_WAP_Q(1.0),,I,GRC,,EMP_WAP,,PT_WAP_SUB,,_Z,,Y,,_T,,Y15T64,,_Z,,A,,2012,,50.425,,,,A,,0,,1,
DATAFLOW,OECD.SDD.TPS:DSD_LFS@DF_IALFS_EMP_WAP_Q(1.0),,I,GRC,,EMP_WAP,,PT_WAP_SUB,,_Z,,Y,,_T,,Y15T64,,_Z,,A,,2013,,48.475,,,,A,,0,,1,
DATAFLOW,OECD.SDD.TPS:DSD_LFS@DF_IALFS_EMP_WAP_Q(1.0),,I,GRC,,EMP_WAP,,PT_WAP_SUB,,_Z,,Y,,_T,,Y15T64,,_Z,,A,,2014,,49.225,,,,A,,0,,1,
DATAFLOW,OECD.SDD.TPS:DSD_LFS@DF_IALFS_EMP_WAP_Q(1.0),,I,GRC,,EMP_WAP,,PT_WAP_SUB,,_Z,,Y,,_T,,Y15T64,,_Z,,A,,2015,,50.7,,,,A,,0,,1,
DATAFLOW,OECD.SDD.TPS:DSD_LFS@DF_IALFS_EMP_WAP_Q(1.0),,I,GRC,,EMP_WAP,,PT_WAP_SUB,,_Z,,Y,,_T,,Y15T64,,_Z,,A,,2016,,51.775,,,,A,,0,,1,
DATAFLOW,OECD.SDD.TPS:DSD_LFS@DF_IALFS_EMP_WAP_Q(1.0),,I,GRC,,EMP_WAP,,PT_WAP_SUB,,_Z,,Y,,_T,,Y15T64,,_Z,,A,,2017,,53.225,,,,A,,0,,1,
DATAFLOW,OECD.SDD.TPS:DSD_LFS@DF_IALFS_EMP_WAP_Q(1.0),,I,GRC,,EMP_WAP,,PT_WAP_SUB,,_Z,,Y,,_T,,Y15T64,,_Z,,A,,2018,,54.525,,,,A,,0,,1,
DATAFLOW,OECD.SDD.TPS:DSD_LFS@DF_IALFS_EMP_WAP_Q(1.0),,I,GRC,,EMP_WAP,,PT_WAP_SUB,,_Z,,Y,,_T,,Y15T64,,_Z,,A,,2019,,56.125,,,,A,,0,,1,
DATAFLOW,OECD.SDD.TPS:DSD_LFS@DF_IALFS_EMP_WAP_Q(1.0),,I,GRC,,EMP_WAP,,PT_WAP_SUB,,_Z,,Y,,_T,,Y15T64,,_Z,,A,,2020,,53.675,,,,A,,0,,1,
DATAFLOW,OECD.SDD.TPS:DSD_LFS@DF_IALFS_EMP_WAP_Q(1.0),,I,GRC,,EMP_WAP,,PT_WAP_SUB,,_Z,,Y,,_T,,Y15T64,,_Z,,A,,2021,,57.25,,,,A,,0,,1,
DATAFLOW,OECD.SDD.TPS:DSD_LFS@DF_IALFS_EMP_WAP_Q(1.0),,I,GRC,,EMP_WAP,,PT_WAP_SUB,,_Z,,Y,,_T,,Y15T64,,_Z,,A,,2022,,60.725,,,,A,,0,,1,
DATAFLOW,OECD.SDD.TPS:DSD_LFS@DF_IALFS_EMP_WAP_Q(1.0),,I,BEL,,EMP_WAP,,PT_WAP_SUB,,_Z,,Y,,_T,,Y15T64,,_Z,,A,,2021,,65.3,,,,A,,0,,1,
DATAFLOW,OECD.SDD.TPS:DSD_LFS@DF_IALFS_EMP_WAP_Q(1.0),,I,BEL,,EMP_WAP,,PT_WAP_SUB,,_Z,,Y,,_T,,Y15T64,,_Z,,A,,2022,,66.525,,,,A,,0,,1,
DATAFLOW,OECD.SDD.TPS:DSD_LFS@DF_IALFS_EMP_WAP_Q(1.0),,I,BEL,,EMP_WAP,,PT_WAP_SUB,,_Z,,Y,,_T,,Y15T64,,_Z,,A,,2023,,66.55,,,,A,,0,,1,
DATAFLOW,OECD.SDD.TPS:DSD_LFS@DF_IALFS_EMP_WAP_Q(1.0),,I,BEL,,EMP_WAP,,PT_WAP_SUB,,_Z,,Y,,_T,,Y15T64,,_Z,,A,,2012,,61.825,,,,A,,0,,1,
DATAFLOW,OECD.SDD.TPS:DSD_LFS@DF_IALFS_EMP_WAP_Q(1.0),,I,BEL,,EMP_WAP,,PT_WAP_SUB,,_Z,,Y,,_T,,Y15T64,,_Z,,A,,2013,,61.8,,,,A,,0,,1,
DATAFLOW,OECD.SDD.TPS:DSD_LFS@DF_IALFS_EMP_WAP_Q(1.0),,I,BEL,,EMP_WAP,,PT_WAP_SUB,,_Z,,Y,,_T,,Y15T64,,_Z,,A,,2014,,61.9,,,,A,,0,,1,
DATAFLOW,OECD.SDD.TPS:DSD_LFS@DF_IALFS_EMP_WAP_Q(1.0),,I,BEL,,EMP_WAP,,PT_WAP_SUB,,_Z,,Y,,_T,,Y15T64,,_Z,,A,,2015,,61.8,,,,A,,0,,1,
DATAFLOW,OECD.SDD.TPS:DSD_LFS@DF_IALFS_EMP_WAP_Q(1.0),,I,BEL,,EMP_WAP,,PT_WAP_SUB,,_Z,,Y,,_T,,Y15T64,,_Z,,A,,2016,,62.3,,,,B,,0,,1,
DATAFLOW,OECD.SDD.TPS:DSD_LFS@DF_IALFS_EMP_WAP_Q(1.0),,I,BEL,,EMP_WAP,,PT_WAP_SUB,,_Z,,Y,,_T,,Y15T64,,_Z,,A,,2017,,63.125,,,,A,,0,,1,
DATAFLOW,OECD.SDD.TPS:DSD_LFS@DF_IALFS_EMP_WAP_Q(1.0),,I,BEL,,EMP_WAP,,PT_WAP_SUB,,_Z,,Y,,_T,,Y15T64,,_Z,,A,,2018,,64.45,,,,A,,0,,1,
DATAFLOW,OECD.SDD.TPS:DSD_LFS@DF_IALFS_EMP_WAP_Q(1.0),,I,BEL,,EMP_WAP,,PT_WAP_SUB,,_Z,,Y,,_T,,Y15T64,,_Z,,A,,2019,,65.3,,,,A,,0,,1,
DATAFLOW,OECD.SDD.TPS:DSD_LFS@DF_IALFS_EMP_WAP_Q(1.0),,I,HUN,,EMP_WAP,,PT_WAP_SUB,,_Z,,Y,,_T,,Y15T64,,_Z,,A,,2012,,58.625,,,,A,,0,,1,
DATAFLOW,OECD.SDD.TPS:DSD_LFS@DF_IALFS_EMP_WAP_Q(1.0),,I,HUN,,EMP_WAP,,PT_WAP_SUB,,_Z,,Y,,_T,,Y15T64,,_Z,,A,,2013,,60.125,,,,A,,0,,1,
DATAFLOW,OECD.SDD.TPS:DSD_LFS@DF_IALFS_EMP_WAP_Q(1.0),,I,HUN,,EMP_WAP,,PT_WAP_SUB,,_Z,,Y,,_T,,Y15T64,,_Z,,A,,2014,,63.65,,,,A,,0,,1,
DATAFLOW,OECD.SDD.TPS:DSD_LFS@DF_IALFS_EMP_WAP_Q(1.0),,I,HUN,,EMP_WAP,,PT_WAP_SUB,,_Z,,Y,,_T,,Y15T64,,_Z,,A,,2015,,65.85,,,,A,,0,,1,
DATAFLOW,OECD.SDD.TPS:DSD_LFS@DF_IALFS_EMP_WAP_Q(1.0),,I,HUN,,EMP_WAP,,PT_WAP_SUB,,_Z,,Y,,_T,,Y15T64,,_Z,,A,,2016,,68.525,,,,A,,0,,1,
DATAFLOW,OECD.SDD.TPS:DSD_LFS@DF_IALFS_EMP_WAP_Q(1.0),,I,HUN,,EMP_WAP,,PT_WAP_SUB,,_Z,,Y,,_T,,Y15T64,,_Z,,A,,2017,,70.175,,,,A,,0,,1,
DATAFLOW,OECD.SDD.TPS:DSD_LFS@DF_IALFS_EMP_WAP_Q(1.0),,I,HUN,,EMP_WAP,,PT_WAP_SUB,,_Z,,Y,,_T,,Y15T64,,_Z,,A,,2018,,71.4,,,,A,,0,,1,
DATAFLOW,OECD.SDD.TPS:DSD_LFS@DF_IALFS_EMP_WAP_Q(1.0),,I,HUN,,EMP_WAP,,PT_WAP_SUB,,_Z,,Y,,_T,,Y15T64,,_Z,,A,,2019,,72.225,,,,A,,0,,1,
DATAFLOW,OECD.SDD.TPS:DSD_LFS@DF_IALFS_EMP_WAP_Q(1.0),,I,HUN,,EMP_WAP,,PT_WAP_SUB,,_Z,,Y,,_T,,Y15T64,,_Z,,A,,2020,,71.95,,,,A,,0,,1,
DATAFLOW,OECD.SDD.TPS:DSD_LFS@DF_IALFS_EMP_WAP_Q(1.0),,I,HUN,,EMP_WAP,,PT_WAP_SUB,,_Z,,Y,,_T,,Y15T64,,_Z,,A,,2021,,73.075,,,,A,,0,,1,
DATAFLOW,OECD.SDD.TPS:DSD_LFS@DF_IALFS_EMP_WAP_Q(1.0),,I,HUN,,EMP_WAP,,PT_WAP_SUB,,_Z,,Y,,_T,,Y15T64,,_Z,,A,,2022,,74.35,,,,A,,0,,1,
DATAFLOW,OECD.SDD.TPS:DSD_LFS@DF_IALFS_EMP_WAP_Q(1.0),,I,CAN,,EMP_WAP,,PT_WAP_SUB,,_Z,,Y,,_T,,Y15T64,,_Z,,A,,2012,,72.31667,,,,A,,0,,1,
DATAFLOW,OECD.SDD.TPS:DSD_LFS@DF_IALFS_EMP_WAP_Q(1.0),,I,CAN,,EMP_WAP,,PT_WAP_SUB,,_Z,,Y,,_T,,Y15T64,,_Z,,A,,2013,,72.71667,,,,A,,0,,1,
DATAFLOW,OECD.SDD.TPS:DSD_LFS@DF_IALFS_EMP_WAP_Q(1.0),,I,CAN,,EMP_WAP,,PT_WAP_SUB,,_Z,,Y,,_T,,Y15T64,,_Z,,A,,2014,,72.5,,,,A,,0,,1,
DATAFLOW,OECD.SDD.TPS:DSD_LFS@DF_IALFS_EMP_WAP_Q(1.0),,I,CAN,,EMP_WAP,,PT_WAP_SUB,,_Z,,Y,,_T,,Y15T64,,_Z,,A,,2015,,72.74167,,,,A,,0,,1,
DATAFLOW,OECD.SDD.TPS:DSD_LFS@DF_IALFS_EMP_WAP_Q(1.0),,I,CAN,,EMP_WAP,,PT_WAP_SUB,,_Z,,Y,,_T,,Y15T64,,_Z,,A,,2016,,72.675,,,,A,,0,,1,
DATAFLOW,OECD.SDD.TPS:DSD_LFS@DF_IALFS_EMP_WAP_Q(1.0),,I,CAN,,EMP_WAP,,PT_WAP_SUB,,_Z,,Y,,_T,,Y15T64,,_Z,,A,,2017,,73.56667,,,,A,,0,,1,
DATAFLOW,OECD.SDD.TPS:DSD_LFS@DF_IALFS_EMP_WAP_Q(1.0),,I,CAN,,EMP_WAP,,PT_WAP_SUB,,_Z,,Y,,_T,,Y15T64,,_Z,,A,,2018,,74.025,,,,A,,0,,1,
DATAFLOW,OECD.SDD.TPS:DSD_LFS@DF_IALFS_EMP_WAP_Q(1.0),,I,CAN,,EMP_WAP,,PT_WAP_SUB,,_Z,,Y,,_T,,Y15T64,,_Z,,A,,2019,,74.6,,,,A,,0,,1,
DATAFLOW,OECD.SDD.TPS:DSD_LFS@DF_IALFS_EMP_WAP_Q(1.0),,I,CAN,,EMP_WAP,,PT_WAP_SUB,,_Z,,Y,,_T,,Y15T64,,_Z,,A,,2020,,70.125,,,,A,,0,,1,
DATAFLOW,OECD.SDD.TPS:DSD_LFS@DF_IALFS_EMP_WAP_Q(1.0),,I,CAN,,EMP_WAP,,PT_WAP_SUB,,_Z,,Y,,_T,,Y15T64,,_Z,,A,,2021,,73.475,,,,A,,0,,1,
DATAFLOW,OECD.SDD.TPS:DSD_LFS@DF_IALFS_EMP_WAP_Q(1.0),,I,CAN,,EMP_WAP,,PT_WAP_SUB,,_Z,,Y,,_T,,Y15T64,,_Z,,A,,2022,,75.58334,,,,A,,0,,1,
DATAFLOW,OECD.SDD.TPS:DSD_LFS@DF_IALFS_EMP_WAP_Q(1.0),,I,JPN,,EMP_WAP,,PT_WAP_SUB,,_Z,,Y,,_T,,Y15T64,,_Z,,A,,2012,,70.61858,,,,A,,0,,1,
DATAFLOW,OECD.SDD.TPS:DSD_LFS@DF_IALFS_EMP_WAP_Q(1.0),,I,JPN,,EMP_WAP,,PT_WAP_SUB,,_Z,,Y,,_T,,Y15T64,,_Z,,A,,2013,,71.7585,,,,A,,0,,1,
DATAFLOW,OECD.SDD.TPS:DSD_LFS@DF_IALFS_EMP_WAP_Q(1.0),,I,JPN,,EMP_WAP,,PT_WAP_SUB,,_Z,,Y,,_T,,Y15T64,,_Z,,A,,2014,,72.7607,,,,A,,0,,1,
DATAFLOW,OECD.SDD.TPS:DSD_LFS@DF_IALFS_EMP_WAP_Q(1.0),,I,JPN,,EMP_WAP,,PT_WAP_SUB,,_Z,,Y,,_T,,Y15T64,,_Z,,A,,2015,,73.3971,,,,A,,0,,1,
DATAFLOW,OECD.SDD.TPS:DSD_LFS@DF_IALFS_EMP_WAP_Q(1.0),,I,JPN,,EMP_WAP,,PT_WAP_SUB,,_Z,,Y,,_T,,Y15T64,,_Z,,A,,2016,,74.52277,,,,A,,0,,1,
DATAFLOW,OECD.SDD.TPS:DSD_LFS@DF_IALFS_EMP_WAP_Q(1.0),,I,JPN,,EMP_WAP,,PT_WAP_SUB,,_Z,,Y,,_T,,Y15T64,,_Z,,A,,2017,,75.50069,,,,A,,0,,1,
DATAFLOW,OECD.SDD.TPS:DSD_LFS@DF_IALFS_EMP_WAP_Q(1.0),,I,JPN,,EMP_WAP,,PT_WAP_SUB,,_Z,,Y,,_T,,Y15T64,,_Z,,A,,2018,,77.1633,,,,A,,0,,1,
DATAFLOW,OECD.SDD.TPS:DSD_LFS@DF_IALFS_EMP_WAP_Q(1.0),,I,JPN,,EMP_WAP,,PT_WAP_SUB,,_Z,,Y,,_T,,Y15T64,,_Z,,A,,2019,,78.11421,,,,A,,0,,1,
DATAFLOW,OECD.SDD.TPS:DSD_LFS@DF_IALFS_EMP_WAP_Q(1.0),,I,JPN,,EMP_WAP,,PT_WAP_SUB,,_Z,,Y,,_T,,Y15T64,,_Z,,A,,2020,,77.72765,,,,A,,0,,1,
DATAFLOW,OECD.SDD.TPS:DSD_LFS@DF_IALFS_EMP_WAP_Q(1.0),,I,JPN,,EMP_WAP,,PT_WAP_SUB,,_Z,,Y,,_T,,Y15T64,,_Z,,A,,2021,,77.88137,,,,A,,0,,1,
DATAFLOW,OECD.SDD.TPS:DSD_LFS@DF_IALFS_EMP_WAP_Q(1.0),,I,JPN,,EMP_WAP,,PT_WAP_SUB,,_Z,,Y,,_T,,Y15T64,,_Z,,A,,2022,,78.45472,,,,A,,0,,1,
DATAFLOW,OECD.SDD.TPS:DSD_LFS@DF_IALFS_EMP_WAP_Q(1.0),,I,GBR,,EMP_WAP,,PT_WAP_SUB,,_Z,,Y,,_T,,Y15T64,,_Z,,A,,2012,,70.975,,,,A,,0,,1,
DATAFLOW,OECD.SDD.TPS:DSD_LFS@DF_IALFS_EMP_WAP_Q(1.0),,I,GBR,,EMP_WAP,,PT_WAP_SUB,,_Z,,Y,,_T,,Y15T64,,_Z,,A,,2013,,71.55,,,,A,,0,,1,
DATAFLOW,OECD.SDD.TPS:DSD_LFS@DF_IALFS_EMP_WAP_Q(1.0),,I,GBR,,EMP_WAP,,PT_WAP_SUB,,_Z,,Y,,_T,,Y15T64,,_Z,,A,,2014,,72.875,,,,A,,0,,1,
DATAFLOW,OECD.SDD.TPS:DSD_LFS@DF_IALFS_EMP_WAP_Q(1.0),,I,GBR,,EMP_WAP,,PT_WAP_SUB,,_Z,,Y,,_T,,Y15T64,,_Z,,A,,2015,,73.675,,,,A,,0,,1,
DATAFLOW,OECD.SDD.TPS:DSD_LFS@DF_IALFS_EMP_WAP_Q(1.0),,I,GBR,,EMP_WAP,,PT_WAP_SUB,,_Z,,Y,,_T,,Y15T64,,_Z,,A,,2016,,74.375,,,,A,,0,,1,
DATAFLOW,OECD.SDD.TPS:DSD_LFS@DF_IALFS_EMP_WAP_Q(1.0),,I,GBR,,EMP_WAP,,PT_WAP_SUB,,_Z,,Y,,_T,,Y15T64,,_Z,,A,,2017,,75,,,,A,,0,,1,
DATAFLOW,OECD.SDD.TPS:DSD_LFS@DF_IALFS_EMP_WAP_Q(1.0),,I,GBR,,EMP_WAP,,PT_WAP_SUB,,_Z,,Y,,_T,,Y15T64,,_Z,,A,,2018,,75.625,,,,A,,0,,1,
DATAFLOW,OECD.SDD.TPS:DSD_LFS@DF_IALFS_EMP_WAP_Q(1.0),,I,GBR,,EMP_WAP,,PT_WAP_SUB,,_Z,,Y,,_T,,Y15T64,,_Z,,A,,2019,,76.175,,,,A,,0,,1,
DATAFLOW,OECD.SDD.TPS:DSD_LFS@DF_IALFS_EMP_WAP_Q(1.0),,I,GBR,,EMP_WAP,,PT_WAP_SUB,,_Z,,Y,,_T,,Y15T64,,_Z,,A,,2020,,75.4,,,,A,,0,,1,
DATAFLOW,OECD.SDD.TPS:DSD_LFS@DF_IALFS_EMP_WAP_Q(1.0),,I,GBR,,EMP_WAP,,PT_WAP_SUB,,_Z,,Y,,_T,,Y15T64,,_Z,,A,,2021,,75.125,,,,A,,0,,1,
DATAFLOW,OECD.SDD.TPS:DSD_LFS@DF_IALFS_EMP_WAP_Q(1.0),,I,GBR,,EMP_WAP,,PT_WAP_SUB,,_Z,,Y,,_T,,Y15T64,,_Z,,A,,2022,,75.325,,,,A,,0,,1,
DATAFLOW,OECD.SDD.TPS:DSD_LFS@DF_IALFS_EMP_WAP_Q(1.0),,I,DNK,,EMP_WAP,,PT_WAP_SUB,,_Z,,Y,,_T,,Y15T64,,_Z,,A,,2012,,71.025,,,,A,,0,,1,
DATAFLOW,OECD.SDD.TPS:DSD_LFS@DF_IALFS_EMP_WAP_Q(1.0),,I,DNK,,EMP_WAP,,PT_WAP_SUB,,_Z,,Y,,_T,,Y15T64,,_Z,,A,,2013,,70.775,,,,A,,0,,1,
DATAFLOW,OECD.SDD.TPS:DSD_LFS@DF_IALFS_EMP_WAP_Q(1.0),,I,DNK,,EMP_WAP,,PT_WAP_SUB,,_Z,,Y,,_T,,Y15T64,,_Z,,A,,2014,,71.1,,,,A,,0,,1,
DATAFLOW,OECD.SDD.TPS:DSD_LFS@DF_IALFS_EMP_WAP_Q(1.0),,I,DNK,,EMP_WAP,,PT_WAP_SUB,,_Z,,Y,,_T,,Y15T64,,_Z,,A,,2015,,71.975,,,,B,,0,,1,
DATAFLOW,OECD.SDD.TPS:DSD_LFS@DF_IALFS_EMP_WAP_Q(1.0),,I,DNK,,EMP_WAP,,PT_WAP_SUB,,_Z,,Y,,_T,,Y15T64,,_Z,,A,,2016,,72.675,,,,B,,0,,1,
DATAFLOW,OECD.SDD.TPS:DSD_LFS@DF_IALFS_EMP_WAP_Q(1.0),,I,DNK,,EMP_WAP,,PT_WAP_SUB,,_Z,,Y,,_T,,Y15T64,,_Z,,A,,2017,,73.225,,,,A,,0,,1,
DATAFLOW,OECD.SDD.TPS:DSD_LFS@DF_IALFS_EMP_WAP_Q(1.0),,I,DNK,,EMP_WAP,,PT_WAP_SUB,,_Z,,Y,,_T,,Y15T64,,_Z,,A,,2018,,74.125,,,,A,,0,,1,
DATAFLOW,OECD.SDD.TPS:DSD_LFS@DF_IALFS_EMP_WAP_Q(1.0),,I,DNK,,EMP_WAP,,PT_WAP_SUB,,_Z,,Y,,_T,,Y15T64,,_Z,,A,,2019,,75,,,,A,,0,,1,
DATAFLOW,OECD.SDD.TPS:DSD_LFS@DF_IALFS_EMP_WAP_Q(1.0),,I,DNK,,EMP_WAP,,PT_WAP_SUB,,_Z,,Y,,_T,,Y15T64,,_Z,,A,,2020,,74.425,,,,A,,0,,1,
DATAFLOW,OECD.SDD.TPS:DSD_LFS@DF_IALFS_EMP_WAP_Q(1.0),,I,DNK,,EMP_WAP,,PT_WAP_SUB,,_Z,,Y,,_T,,Y15T64,,_Z,,A,,2021,,75.475,,,,A,,0,,1,
DATAFLOW,OECD.SDD.TPS:DSD_LFS@DF_IALFS_EMP_WAP_Q(1.0),,I,DNK,,EMP_WAP,,PT_WAP_SUB,,_Z,,Y,,_T,,Y15T64,,_Z,,A,,2022,,76.775,,,,A,,0,,1,
DATAFLOW,OECD.SDD.TPS:DSD_LFS@DF_IALFS_EMP_WAP_Q(1.0),,I,EU27_2020,,EMP_WAP,,PT_WAP_SUB,,_Z,,Y,,_T,,Y15T64,,_Z,,A,,2015,,64.1,,,,A,,0,,1,
DATAFLOW,OECD.SDD.TPS:DSD_LFS@DF_IALFS_EMP_WAP_Q(1.0),,I,EU27_2020,,EMP_WAP,,PT_WAP_SUB,,_Z,,Y,,_T,,Y15T64,,_Z,,A,,2016,,65.2,,,,A,,0,,1,
DATAFLOW,OECD.SDD.TPS:DSD_LFS@DF_IALFS_EMP_WAP_Q(1.0),,I,EU27_2020,,EMP_WAP,,PT_WAP_SUB,,_Z,,Y,,_T,,Y15T64,,_Z,,A,,2017,,66.35,,,,A,,0,,1,
DATAFLOW,OECD.SDD.TPS:DSD_LFS@DF_IALFS_EMP_WAP_Q(1.0),,I,EU27_2020,,EMP_WAP,,PT_WAP_SUB,,_Z,,Y,,_T,,Y15T64,,_Z,,A,,2018,,67.35,,,,A,,0,,1,
DATAFLOW,OECD.SDD.TPS:DSD_LFS@DF_IALFS_EMP_WAP_Q(1.0),,I,EU27_2020,,EMP_WAP,,PT_WAP_SUB,,_Z,,Y,,_T,,Y15T64,,_Z,,A,,2019,,68.1,,,,A,,0,,1,
DATAFLOW,OECD.SDD.TPS:DSD_LFS@DF_IALFS_EMP_WAP_Q(1.0),,I,EU27_2020,,EMP_WAP,,PT_WAP_SUB,,_Z,,Y,,_T,,Y15T64,,_Z,,A,,2020,,67.05,,,,A,,0,,1,
DATAFLOW,OECD.SDD.TPS:DSD_LFS@DF_IALFS_EMP_WAP_Q(1.0),,I,EU27_2020,,EMP_WAP,,PT_WAP_SUB,,_Z,,Y,,_T,,Y15T64,,_Z,,A,,2021,,68.325,,,,A,,0,,1,
DATAFLOW,OECD.SDD.TPS:DSD_LFS@DF_IALFS_EMP_WAP_Q(1.0),,I,EU27_2020,,EMP_WAP,,PT_WAP_SUB,,_Z,,Y,,_T,,Y15T64,,_Z,,A,,2022,,69.775,,,,A,,0,,1,
DATAFLOW,OECD.SDD.TPS:DSD_LFS@DF_IALFS_EMP_WAP_Q(1.0),,I,EU27_2020,,EMP_WAP,,PT_WAP_SUB,,_Z,,Y,,_T,,Y15T64,,_Z,,A,,2023,,70.4,,,,A,,0,,1,
DATAFLOW,OECD.SDD.TPS:DSD_LFS@DF_IALFS_EMP_WAP_Q(1.0),,I,EU27_2020,,EMP_WAP,,PT_WAP_SUB,,_Z,,Y,,_T,,Y15T64,,_Z,,A,,2012,,62.55,,,,A,,0,,1,
DATAFLOW,OECD.SDD.TPS:DSD_LFS@DF_IALFS_EMP_WAP_Q(1.0),,I,EU27_2020,,EMP_WAP,,PT_WAP_SUB,,_Z,,Y,,_T,,Y15T64,,_Z,,A,,2013,,62.475,,,,A,,0,,1,
DATAFLOW,OECD.SDD.TPS:DSD_LFS@DF_IALFS_EMP_WAP_Q(1.0),,I,PRT,,EMP_WAP,,PT_WAP_SUB,,_Z,,Y,,_T,,Y15T64,,_Z,,A,,2012,,59.325,,,,A,,0,,1,
DATAFLOW,OECD.SDD.TPS:DSD_LFS@DF_IALFS_EMP_WAP_Q(1.0),,I,PRT,,EMP_WAP,,PT_WAP_SUB,,_Z,,Y,,_T,,Y15T64,,_Z,,A,,2013,,58.825,,,,A,,0,,1,
DATAFLOW,OECD.SDD.TPS:DSD_LFS@DF_IALFS_EMP_WAP_Q(1.0),,I,PRT,,EMP_WAP,,PT_WAP_SUB,,_Z,,Y,,_T,,Y15T64,,_Z,,A,,2014,,61.2,,,,A,,0,,1,
DATAFLOW,OECD.SDD.TPS:DSD_LFS@DF_IALFS_EMP_WAP_Q(1.0),,I,PRT,,EMP_WAP,,PT_WAP_SUB,,_Z,,Y,,_T,,Y15T64,,_Z,,A,,2015,,62.8,,,,A,,0,,1,
DATAFLOW,OECD.SDD.TPS:DSD_LFS@DF_IALFS_EMP_WAP_Q(1.0),,I,PRT,,EMP_WAP,,PT_WAP_SUB,,_Z,,Y,,_T,,Y15T64,,_Z,,A,,2016,,64.225,,,,A,,0,,1,
DATAFLOW,OECD.SDD.TPS:DSD_LFS@DF_IALFS_EMP_WAP_Q(1.0),,I,PRT,,EMP_WAP,,PT_WAP_SUB,,_Z,,Y,,_T,,Y15T64,,_Z,,A,,2017,,66.95,,,,A,,0,,1,
DATAFLOW,OECD.SDD.TPS:DSD_LFS@DF_IALFS_EMP_WAP_Q(1.0),,I,PRT,,EMP_WAP,,PT_WAP_SUB,,_Z,,Y,,_T,,Y15T64,,_Z,,A,,2018,,69.025,,,,A,,0,,1,
DATAFLOW,OECD.SDD.TPS:DSD_LFS@DF_IALFS_EMP_WAP_Q(1.0),,I,PRT,,EMP_WAP,,PT_WAP_SUB,,_Z,,Y,,_T,,Y15T64,,_Z,,A,,2019,,69.85,,,,A,,0,,1,
DATAFLOW,OECD.SDD.TPS:DSD_LFS@DF_IALFS_EMP_WAP_Q(1.0),,I,PRT,,EMP_WAP,,PT_WAP_SUB,,_Z,,Y,,_T,,Y15T64,,_Z,,A,,2020,,68.525,,,,A,,0,,1,
DATAFLOW,OECD.SDD.TPS:DSD_LFS@DF_IALFS_EMP_WAP_Q(1.0),,I,PRT,,EMP_WAP,,PT_WAP_SUB,,_Z,,Y,,_T,,Y15T64,,_Z,,A,,2021,,69.625,,,,A,,0,,1,
DATAFLOW,OECD.SDD.TPS:DSD_LFS@DF_IALFS_EMP_WAP_Q(1.0),,I,PRT,,EMP_WAP,,PT_WAP_SUB,,_Z,,Y,,_T,,Y15T64,,_Z,,A,,2022,,71.325,,,,A,,0,,1,
DATAFLOW,OECD.SDD.TPS:DSD_LFS@DF_IALFS_EMP_WAP_Q(1.0),,I,AUT,,EMP_WAP,,PT_WAP_SUB,,_Z,,Y,,_T,,Y15T64,,_Z,,A,,2012,,71.425,,,,A,,0,,1,
DATAFLOW,OECD.SDD.TPS:DSD_LFS@DF_IALFS_EMP_WAP_Q(1.0),,I,AUT,,EMP_WAP,,PT_WAP_SUB,,_Z,,Y,,_T,,Y15T64,,_Z,,A,,2013,,71.4,,,,A,,0,,1,
DATAFLOW,OECD.SDD.TPS:DSD_LFS@DF_IALFS_EMP_WAP_Q(1.0),,I,AUT,,EMP_WAP,,PT_WAP_SUB,,_Z,,Y,,_T,,Y15T64,,_Z,,A,,2014,,71.075,,,,A,,0,,1,
DATAFLOW,OECD.SDD.TPS:DSD_LFS@DF_IALFS_EMP_WAP_Q(1.0),,I,AUT,,EMP_WAP,,PT_WAP_SUB,,_Z,,Y,,_T,,Y15T64,,_Z,,A,,2015,,71.1,,,,A,,0,,1,
DATAFLOW,OECD.SDD.TPS:DSD_LFS@DF_IALFS_EMP_WAP_Q(1.0),,I,AUT,,EMP_WAP,,PT_WAP_SUB,,_Z,,Y,,_T,,Y15T64,,_Z,,A,,2016,,71.55,,,,A,,0,,1,
DATAFLOW,OECD.SDD.TPS:DSD_LFS@DF_IALFS_EMP_WAP_Q(1.0),,I,AUT,,EMP_WAP,,PT_WAP_SUB,,_Z,,Y,,_T,,Y15T64,,_Z,,A,,2017,,72.2,,,,A,,0,,1,
DATAFLOW,OECD.SDD.TPS:DSD_LFS@DF_IALFS_EMP_WAP_Q(1.0),,I,AUT,,EMP_WAP,,PT_WAP_SUB,,_Z,,Y,,_T,,Y15T64,,_Z,,A,,2018,,73.025,,,,A,,0,,1,
DATAFLOW,OECD.SDD.TPS:DSD_LFS@DF_IALFS_EMP_WAP_Q(1.0),,I,AUT,,EMP_WAP,,PT_WAP_SUB,,_Z,,Y,,_T,,Y15T64,,_Z,,A,,2019,,73.525,,,,A,,0,,1,
DATAFLOW,OECD.SDD.TPS:DSD_LFS@DF_IALFS_EMP_WAP_Q(1.0),,I,AUT,,EMP_WAP,,PT_WAP_SUB,,_Z,,Y,,_T,,Y15T64,,_Z,,A,,2020,,71.725,,,,A,,0,,1,
DATAFLOW,OECD.SDD.TPS:DSD_LFS@DF_IALFS_EMP_WAP_Q(1.0),,I,AUT,,EMP_WAP,,PT_WAP_SUB,,_Z,,Y,,_T,,Y15T64,,_Z,,A,,2021,,72.4,,,,A,,0,,1,
DATAFLOW,OECD.SDD.TPS:DSD_LFS@DF_IALFS_EMP_WAP_Q(1.0),,I,AUT,,EMP_WAP,,PT_WAP_SUB,,_Z,,Y,,_T,,Y15T64,,_Z,,A,,2022,,74.025,,,,A,,0,,1,
DATAFLOW,OECD.SDD.TPS:DSD_LFS@DF_IALFS_EMP_WAP_Q(1.0),,I,CHE,,EMP_WAP,,PT_WAP_SUB,,_Z,,Y,,_T,,Y15T64,,_Z,,A,,2012,,78.475,,,,A,,0,,1,
DATAFLOW,OECD.SDD.TPS:DSD_LFS@DF_IALFS_EMP_WAP_Q(1.0),,I,CHE,,EMP_WAP,,PT_WAP_SUB,,_Z,,Y,,_T,,Y15T64,,_Z,,A,,2013,,78.4,,,,A,,0,,1,
DATAFLOW,OECD.SDD.TPS:DSD_LFS@DF_IALFS_EMP_WAP_Q(1.0),,I,CHE,,EMP_WAP,,PT_WAP_SUB,,_Z,,Y,,_T,,Y15T64,,_Z,,A,,2014,,78.75,,,,A,,0,,1,
DATAFLOW,OECD.SDD.TPS:DSD_LFS@DF_IALFS_EMP_WAP_Q(1.0),,I,CHE,,EMP_WAP,,PT_WAP_SUB,,_Z,,Y,,_T,,Y15T64,,_Z,,A,,2015,,79.2,,,,A,,0,,1,
DATAFLOW,OECD.SDD.TPS:DSD_LFS@DF_IALFS_EMP_WAP_Q(1.0),,I,CHE,,EMP_WAP,,PT_WAP_SUB,,_Z,,Y,,_T,,Y15T64,,_Z,,A,,2016,,79.6,,,,A,,0,,1,
DATAFLOW,OECD.SDD.TPS:DSD_LFS@DF_IALFS_EMP_WAP_Q(1.0),,I,CHE,,EMP_WAP,,PT_WAP_SUB,,_Z,,Y,,_T,,Y15T64,,_Z,,A,,2017,,79.8,,,,A,,0,,1,
DATAFLOW,OECD.SDD.TPS:DSD_LFS@DF_IALFS_EMP_WAP_Q(1.0),,I,CHE,,EMP_WAP,,PT_WAP_SUB,,_Z,,Y,,_T,,Y15T64,,_Z,,A,,2018,,80.1,,,,A,,0,,1,
DATAFLOW,OECD.SDD.TPS:DSD_LFS@DF_IALFS_EMP_WAP_Q(1.0),,I,CHE,,EMP_WAP,,PT_WAP_SUB,,_Z,,Y,,_T,,Y15T64,,_Z,,A,,2019,,80.475,,,,A,,0,,1,
DATAFLOW,OECD.SDD.TPS:DSD_LFS@DF_IALFS_EMP_WAP_Q(1.0),,I,CHE,,EMP_WAP,,PT_WAP_SUB,,_Z,,Y,,_T,,Y15T64,,_Z,,A,,2020,,79.925,,,,B,,0,,1,
DATAFLOW,OECD.SDD.TPS:DSD_LFS@DF_IALFS_EMP_WAP_Q(1.0),,I,CHE,,EMP_WAP,,PT_WAP_SUB,,_Z,,Y,,_T,,Y15T64,,_Z,,A,,2021,,79.6,,,,A,,0,,1,
DATAFLOW,OECD.SDD.TPS:DSD_LFS@DF_IALFS_EMP_WAP_Q(1.0),,I,CHE,,EMP_WAP,,PT_WAP_SUB,,_Z,,Y,,_T,,Y15T64,,_Z,,A,,2022,,80.1,,,,A,,0,,1,
DATAFLOW,OECD.SDD.TPS:DSD_LFS@DF_IALFS_EMP_WAP_Q(1.0),,I,NZL,,EMP_WAP,,PT_WAP_SUB,,_Z,,Y,,_T,,Y15T64,,_Z,,A,,2012,,71.85777,,,,A,,0,,1,
DATAFLOW,OECD.SDD.TPS:DSD_LFS@DF_IALFS_EMP_WAP_Q(1.0),,I,NZL,,EMP_WAP,,PT_WAP_SUB,,_Z,,Y,,_T,,Y15T64,,_Z,,A,,2013,,72.72184,,,,A,,0,,1,
DATAFLOW,OECD.SDD.TPS:DSD_LFS@DF_IALFS_EMP_WAP_Q(1.0),,I,NZL,,EMP_WAP,,PT_WAP_SUB,,_Z,,Y,,_T,,Y15T64,,_Z,,A,,2014,,74.17313,,,,A,,0,,1,
DATAFLOW,OECD.SDD.TPS:DSD_LFS@DF_IALFS_EMP_WAP_Q(1.0),,I,NZL,,EMP_WAP,,PT_WAP_SUB,,_Z,,Y,,_T,,Y15T64,,_Z,,A,,2015,,74.24967,,,,A,,0,,1,
DATAFLOW,OECD.SDD.TPS:DSD_LFS@DF_IALFS_EMP_WAP_Q(1.0),,I,NZL,,EMP_WAP,,PT_WAP_SUB,,_Z,,Y,,_T,,Y15T64,,_Z,,A,,2016,,75.57751,,,,A,,0,,1,
DATAFLOW,OECD.SDD.TPS:DSD_LFS@DF_IALFS_EMP_WAP_Q(1.0),,I,NZL,,EMP_WAP,,PT_WAP_SUB,,_Z,,Y,,_T,,Y15T64,,_Z,,A,,2017,,76.91602,,,,A,,0,,1,
DATAFLOW,OECD.SDD.TPS:DSD_LFS@DF_IALFS_EMP_WAP_Q(1.0),,I,NZL,,EMP_WAP,,PT_WAP_SUB,,_Z,,Y,,_T,,Y15T64,,_Z,,A,,2018,,77.49548,,,,A,,0,,1,
DATAFLOW,OECD.SDD.TPS:DSD_LFS@DF_IALFS_EMP_WAP_Q(1.0),,I,NZL,,EMP_WAP,,PT_WAP_SUB,,_Z,,Y,,_T,,Y15T64,,_Z,,A,,2019,,77.46133,,,,A,,0,,1,
DATAFLOW,OECD.SDD.TPS:DSD_LFS@DF_IALFS_EMP_WAP_Q(1.0),,I,NZL,,EMP_WAP,,PT_WAP_SUB,,_Z,,Y,,_T,,Y15T64,,_Z,,A,,2020,,76.78869,,,,A,,0,,1,
DATAFLOW,OECD.SDD.TPS:DSD_LFS@DF_IALFS_EMP_WAP_Q(1.0),,I,NZL,,EMP_WAP,,PT_WAP_SUB,,_Z,,Y,,_T,,Y15T64,,_Z,,A,,2021,,78.33807,,,,A,,0,,1,
DATAFLOW,OECD.SDD.TPS:DSD_LFS@DF_IALFS_EMP_WAP_Q(1.0),,I,NZL,,EMP_WAP,,PT_WAP_SUB,,_Z,,Y,,_T,,Y15T64,,_Z,,A,,2022,,79.68117,,,,A,,0,,1,
DATAFLOW,OECD.SDD.TPS:DSD_LFS@DF_IALFS_EMP_WAP_Q(1.0),,I,LVA,,EMP_WAP,,PT_WAP_SUB,,_Z,,Y,,_T,,Y15T64,,_Z,,A,,2013,,64.85,,,,A,,0,,1,
DATAFLOW,OECD.SDD.TPS:DSD_LFS@DF_IALFS_EMP_WAP_Q(1.0),,I,LVA,,EMP_WAP,,PT_WAP_SUB,,_Z,,Y,,_T,,Y15T64,,_Z,,A,,2020,,71.45,,,,A,,0,,1,
DATAFLOW,OECD.SDD.TPS:DSD_LFS@DF_IALFS_EMP_WAP_Q(1.0),,I,LVA,,EMP_WAP,,PT_WAP_SUB,,_Z,,Y,,_T,,Y15T64,,_Z,,A,,2014,,66.125,,,,A,,0,,1,
DATAFLOW,OECD.SDD.TPS:DSD_LFS@DF_IALFS_EMP_WAP_Q(1.0),,I,LVA,,EMP_WAP,,PT_WAP_SUB,,_Z,,Y,,_T,,Y15T64,,_Z,,A,,2015,,68.05,,,,A,,0,,1,
DATAFLOW,OECD.SDD.TPS:DSD_LFS@DF_IALFS_EMP_WAP_Q(1.0),,I,LVA,,EMP_WAP,,PT_WAP_SUB,,_Z,,Y,,_T,,Y15T64,,_Z,,A,,2016,,68.575,,,,A,,0,,1,
DATAFLOW,OECD.SDD.TPS:DSD_LFS@DF_IALFS_EMP_WAP_Q(1.0),,I,LVA,,EMP_WAP,,PT_WAP_SUB,,_Z,,Y,,_T,,Y15T64,,_Z,,A,,2017,,69.975,,,,A,,0,,1,
DATAFLOW,OECD.SDD.TPS:DSD_LFS@DF_IALFS_EMP_WAP_Q(1.0),,I,LVA,,EMP_WAP,,PT_WAP_SUB,,_Z,,Y,,_T,,Y15T64,,_Z,,A,,2018,,71.725,,,,A,,0,,1,
DATAFLOW,OECD.SDD.TPS:DSD_LFS@DF_IALFS_EMP_WAP_Q(1.0),,I,LVA,,EMP_WAP,,PT_WAP_SUB,,_Z,,Y,,_T,,Y15T64,,_Z,,A,,2019,,72.225,,,,A,,0,,1,
DATAFLOW,OECD.SDD.TPS:DSD_LFS@DF_IALFS_EMP_WAP_Q(1.0),,I,LVA,,EMP_WAP,,PT_WAP_SUB,,_Z,,Y,,_T,,Y15T64,,_Z,,A,,2021,,69.85,,,,A,,0,,1,
DATAFLOW,OECD.SDD.TPS:DSD_LFS@DF_IALFS_EMP_WAP_Q(1.0),,I,LVA,,EMP_WAP,,PT_WAP_SUB,,_Z,,Y,,_T,,Y15T64,,_Z,,A,,2022,,71.325,,,,A,,0,,1,
DATAFLOW,OECD.SDD.TPS:DSD_LFS@DF_IALFS_EMP_WAP_Q(1.0),,I,LVA,,EMP_WAP,,PT_WAP_SUB,,_Z,,Y,,_T,,Y15T64,,_Z,,A,,2023,,71.45,,,,A,,0,,1,
DATAFLOW,OECD.SDD.TPS:DSD_LFS@DF_IALFS_EMP_WAP_Q(1.0),,I,OECD,,EMP_WAP,,PT_WAP_SUB,,_Z,,Y,,_T,,Y15T64,,_Z,,A,,2012,,64.92863,,,,E,,0,,1,
DATAFLOW,OECD.SDD.TPS:DSD_LFS@DF_IALFS_EMP_WAP_Q(1.0),,I,OECD,,EMP_WAP,,PT_WAP_SUB,,_Z,,Y,,_T,,Y15T64,,_Z,,A,,2013,,65.13396,,,,E,,0,,1,
DATAFLOW,OECD.SDD.TPS:DSD_LFS@DF_IALFS_EMP_WAP_Q(1.0),,I,OECD,,EMP_WAP,,PT_WAP_SUB,,_Z,,Y,,_T,,Y15T64,,_Z,,A,,2014,,65.69718,,,,E,,0,,1,
DATAFLOW,OECD.SDD.TPS:DSD_LFS@DF_IALFS_EMP_WAP_Q(1.0),,I,OECD,,EMP_WAP,,PT_WAP_SUB,,_Z,,Y,,_T,,Y15T64,,_Z,,A,,2015,,66.29684,,,,E,,0,,1,
DATAFLOW,OECD.SDD.TPS:DSD_LFS@DF_IALFS_EMP_WAP_Q(1.0),,I,OECD,,EMP_WAP,,PT_WAP_SUB,,_Z,,Y,,_T,,Y15T64,,_Z,,A,,2016,,66.95599,,,,E,,0,,1,
DATAFLOW,OECD.SDD.TPS:DSD_LFS@DF_IALFS_EMP_WAP_Q(1.0),,I,OECD,,EMP_WAP,,PT_WAP_SUB,,_Z,,Y,,_T,,Y15T64,,_Z,,A,,2017,,67.70064,,,,E,,0,,1,
DATAFLOW,OECD.SDD.TPS:DSD_LFS@DF_IALFS_EMP_WAP_Q(1.0),,I,OECD,,EMP_WAP,,PT_WAP_SUB,,_Z,,Y,,_T,,Y15T64,,_Z,,A,,2018,,68.38702,,,,E,,0,,1,
DATAFLOW,OECD.SDD.TPS:DSD_LFS@DF_IALFS_EMP_WAP_Q(1.0),,I,OECD,,EMP_WAP,,PT_WAP_SUB,,_Z,,Y,,_T,,Y15T64,,_Z,,A,,2019,,68.8156,,,,E,,0,,1,
DATAFLOW,OECD.SDD.TPS:DSD_LFS@DF_IALFS_EMP_WAP_Q(1.0),,I,OECD,,EMP_WAP,,PT_WAP_SUB,,_Z,,Y,,_T,,Y15T64,,_Z,,A,,2020,,66.0432,,,,E,,0,,1,
DATAFLOW,OECD.SDD.TPS:DSD_LFS@DF_IALFS_EMP_WAP_Q(1.0),,I,OECD,,EMP_WAP,,PT_WAP_SUB,,_Z,,Y,,_T,,Y15T64,,_Z,,A,,2021,,67.6735,,,,E,,0,,1,
DATAFLOW,OECD.SDD.TPS:DSD_LFS@DF_IALFS_EMP_WAP_Q(1.0),,I,OECD,,EMP_WAP,,PT_WAP_SUB,,_Z,,Y,,_T,,Y15T64,,_Z,,A,,2022,,69.33591,,,,E,,0,,1,
DATAFLOW,OECD.SDD.TPS:DSD_LFS@DF_IALFS_EMP_WAP_Q(1.0),,I,CHL,,EMP_WAP,,PT_WAP_SUB,,_Z,,Y,,_T,,Y15T64,,_Z,,A,,2012,,62.65226,,,,A,,0,,1,
DATAFLOW,OECD.SDD.TPS:DSD_LFS@DF_IALFS_EMP_WAP_Q(1.0),,I,CHL,,EMP_WAP,,PT_WAP_SUB,,_Z,,Y,,_T,,Y15T64,,_Z,,A,,2013,,63.15082,,,,A,,0,,1,
DATAFLOW,OECD.SDD.TPS:DSD_LFS@DF_IALFS_EMP_WAP_Q(1.0),,I,CHL,,EMP_WAP,,PT_WAP_SUB,,_Z,,Y,,_T,,Y15T64,,_Z,,A,,2014,,63.23605,,,,A,,0,,1,
DATAFLOW,OECD.SDD.TPS:DSD_LFS@DF_IALFS_EMP_WAP_Q(1.0),,I,CHL,,EMP_WAP,,PT_WAP_SUB,,_Z,,Y,,_T,,Y15T64,,_Z,,A,,2015,,63.49899,,,,A,,0,,1,
DATAFLOW,OECD.SDD.TPS:DSD_LFS@DF_IALFS_EMP_WAP_Q(1.0),,I,CHL,,EMP_WAP,,PT_WAP_SUB,,_Z,,Y,,_T,,Y15T64,,_Z,,A,,2016,,63.34484,,,,A,,0,,1,
DATAFLOW,OECD.SDD.TPS:DSD_LFS@DF_IALFS_EMP_WAP_Q(1.0),,I,CHL,,EMP_WAP,,PT_WAP_SUB,,_Z,,Y,,_T,,Y15T64,,_Z,,A,,2017,,63.90356,,,,A,,0,,1,
DATAFLOW,OECD.SDD.TPS:DSD_LFS@DF_IALFS_EMP_WAP_Q(1.0),,I,CHL,,EMP_WAP,,PT_WAP_SUB,,_Z,,Y,,_T,,Y15T64,,_Z,,A,,2018,,64.0955,,,,A,,0,,1,
DATAFLOW,OECD.SDD.TPS:DSD_LFS@DF_IALFS_EMP_WAP_Q(1.0),,I,CHL,,EMP_WAP,,PT_WAP_SUB,,_Z,,Y,,_T,,Y15T64,,_Z,,A,,2019,,64.09287,,,,A,,0,,1,
DATAFLOW,OECD.SDD.TPS:DSD_LFS@DF_IALFS_EMP_WAP_Q(1.0),,I,CHL,,EMP_WAP,,PT_WAP_SUB,,_Z,,Y,,_T,,Y15T64,,_Z,,A,,2020,,55.84916,,,,A,,0,,1,
DATAFLOW,OECD.SDD.TPS:DSD_LFS@DF_IALFS_EMP_WAP_Q(1.0),,I,CHL,,EMP_WAP,,PT_WAP_SUB,,_Z,,Y,,_T,,Y15T64,,_Z,,A,,2021,,58.47194,,,,A,,0,,1,
DATAFLOW,OECD.SDD.TPS:DSD_LFS@DF_IALFS_EMP_WAP_Q(1.0),,I,CHL,,EMP_WAP,,PT_WAP_SUB,,_Z,,Y,,_T,,Y15T64,,_Z,,A,,2022,,61.93064,,,,A,,0,,1,
DATAFLOW,OECD.SDD.TPS:DSD_LFS@DF_IALFS_EMP_WAP_Q(1.0),,I,POL,,EMP_WAP,,PT_WAP_SUB,,_Z,,Y,,_T,,Y15T64,,_Z,,A,,2012,,58,,,,A,,0,,1,
DATAFLOW,OECD.SDD.TPS:DSD_LFS@DF_IALFS_EMP_WAP_Q(1.0),,I,POL,,EMP_WAP,,PT_WAP_SUB,,_Z,,Y,,_T,,Y15T64,,_Z,,A,,2013,,58.425,,,,A,,0,,1,
DATAFLOW,OECD.SDD.TPS:DSD_LFS@DF_IALFS_EMP_WAP_Q(1.0),,I,POL,,EMP_WAP,,PT_WAP_SUB,,_Z,,Y,,_T,,Y15T64,,_Z,,A,,2014,,60.2,,,,A,,0,,1,
DATAFLOW,OECD.SDD.TPS:DSD_LFS@DF_IALFS_EMP_WAP_Q(1.0),,I,POL,,EMP_WAP,,PT_WAP_SUB,,_Z,,Y,,_T,,Y15T64,,_Z,,A,,2015,,61.6,,,,A,,0,,1,
DATAFLOW,OECD.SDD.TPS:DSD_LFS@DF_IALFS_EMP_WAP_Q(1.0),,I,POL,,EMP_WAP,,PT_WAP_SUB,,_Z,,Y,,_T,,Y15T64,,_Z,,A,,2016,,63.45,,,,A,,0,,1,
DATAFLOW,OECD.SDD.TPS:DSD_LFS@DF_IALFS_EMP_WAP_Q(1.0),,I,POL,,EMP_WAP,,PT_WAP_SUB,,_Z,,Y,,_T,,Y15T64,,_Z,,A,,2017,,65.25,,,,A,,0,,1,
DATAFLOW,OECD.SDD.TPS:DSD_LFS@DF_IALFS_EMP_WAP_Q(1.0),,I,POL,,EMP_WAP,,PT_WAP_SUB,,_Z,,Y,,_T,,Y15T64,,_Z,,A,,2018,,66.675,,,,A,,0,,1,
DATAFLOW,OECD.SDD.TPS:DSD_LFS@DF_IALFS_EMP_WAP_Q(1.0),,I,POL,,EMP_WAP,,PT_WAP_SUB,,_Z,,Y,,_T,,Y15T64,,_Z,,A,,2019,,68.475,,,,A,,0,,1,
DATAFLOW,OECD.SDD.TPS:DSD_LFS@DF_IALFS_EMP_WAP_Q(1.0),,I,POL,,EMP_WAP,,PT_WAP_SUB,,_Z,,Y,,_T,,Y15T64,,_Z,,A,,2020,,68.775,,,,A,,0,,1,
DATAFLOW,OECD.SDD.TPS:DSD_LFS@DF_IALFS_EMP_WAP_Q(1.0),,I,POL,,EMP_WAP,,PT_WAP_SUB,,_Z,,Y,,_T,,Y15T64,,_Z,,A,,2021,,70.425,,,,A,,0,,1,
DATAFLOW,OECD.SDD.TPS:DSD_LFS@DF_IALFS_EMP_WAP_Q(1.0),,I,POL,,EMP_WAP,,PT_WAP_SUB,,_Z,,Y,,_T,,Y15T64,,_Z,,A,,2022,,71.475,,,,A,,0,,1,
DATAFLOW,OECD.SDD.TPS:DSD_LFS@DF_IALFS_EMP_WAP_Q(1.0),,I,DEU,,EMP_WAP,,PT_WAP_SUB,,_Z,,Y,,_T,,Y15T64,,_Z,,A,,2012,,72.05,,,,A,,0,,1,
DATAFLOW,OECD.SDD.TPS:DSD_LFS@DF_IALFS_EMP_WAP_Q(1.0),,I,DEU,,EMP_WAP,,PT_WAP_SUB,,_Z,,Y,,_T,,Y15T64,,_Z,,A,,2013,,72.525,,,,A,,0,,1,
DATAFLOW,OECD.SDD.TPS:DSD_LFS@DF_IALFS_EMP_WAP_Q(1.0),,I,DEU,,EMP_WAP,,PT_WAP_SUB,,_Z,,Y,,_T,,Y15T64,,_Z,,A,,2014,,72.8,,,,A,,0,,1,
DATAFLOW,OECD.SDD.TPS:DSD_LFS@DF_IALFS_EMP_WAP_Q(1.0),,I,DEU,,EMP_WAP,,PT_WAP_SUB,,_Z,,Y,,_T,,Y15T64,,_Z,,A,,2015,,73,,,,A,,0,,1,
DATAFLOW,OECD.SDD.TPS:DSD_LFS@DF_IALFS_EMP_WAP_Q(1.0),,I,DEU,,EMP_WAP,,PT_WAP_SUB,,_Z,,Y,,_T,,Y15T64,,_Z,,A,,2016,,73.675,,,,A,,0,,1,
DATAFLOW,OECD.SDD.TPS:DSD_LFS@DF_IALFS_EMP_WAP_Q(1.0),,I,DEU,,EMP_WAP,,PT_WAP_SUB,,_Z,,Y,,_T,,Y15T64,,_Z,,A,,2017,,74.25,,,,A,,0,,1,
DATAFLOW,OECD.SDD.TPS:DSD_LFS@DF_IALFS_EMP_WAP_Q(1.0),,I,DEU,,EMP_WAP,,PT_WAP_SUB,,_Z,,Y,,_T,,Y15T64,,_Z,,A,,2018,,74.9,,,,A,,0,,1,
DATAFLOW,OECD.SDD.TPS:DSD_LFS@DF_IALFS_EMP_WAP_Q(1.0),,I,DEU,,EMP_WAP,,PT_WAP_SUB,,_Z,,Y,,_T,,Y15T64,,_Z,,A,,2019,,75.65,,,,B,,0,,1,
DATAFLOW,OECD.SDD.TPS:DSD_LFS@DF_IALFS_EMP_WAP_Q(1.0),,I,DEU,,EMP_WAP,,PT_WAP_SUB,,_Z,,Y,,_T,,Y15T64,,_Z,,A,,2020,,76.15579,,,,E,,0,,1,
DATAFLOW,OECD.SDD.TPS:DSD_LFS@DF_IALFS_EMP_WAP_Q(1.0),,I,DEU,,EMP_WAP,,PT_WAP_SUB,,_Z,,Y,,_T,,Y15T64,,_Z,,A,,2021,,75.6,,,,A,,0,,1,
DATAFLOW,OECD.SDD.TPS:DSD_LFS@DF_IALFS_EMP_WAP_Q(1.0),,I,DEU,,EMP_WAP,,PT_WAP_SUB,,_Z,,Y,,_T,,Y15T64,,_Z,,A,,2022,,76.725,,,,A,,0,,1,
DATAFLOW,OECD.SDD.TPS:DSD_LFS@DF_IALFS_EMP_WAP_Q(1.0),,I,FIN,,EMP_WAP,,PT_WAP_SUB,,_Z,,Y,,_T,,Y15T64,,_Z,,A,,2012,,68.45,,,,A,,0,,1,
DATAFLOW,OECD.SDD.TPS:DSD_LFS@DF_IALFS_EMP_WAP_Q(1.0),,I,FIN,,EMP_WAP,,PT_WAP_SUB,,_Z,,Y,,_T,,Y15T64,,_Z,,A,,2013,,68.075,,,,A,,0,,1,
DATAFLOW,OECD.SDD.TPS:DSD_LFS@DF_IALFS_EMP_WAP_Q(1.0),,I,FIN,,EMP_WAP,,PT_WAP_SUB,,_Z,,Y,,_T,,Y15T64,,_Z,,A,,2014,,67.95,,,,A,,0,,1,
DATAFLOW,OECD.SDD.TPS:DSD_LFS@DF_IALFS_EMP_WAP_Q(1.0),,I,FIN,,EMP_WAP,,PT_WAP_SUB,,_Z,,Y,,_T,,Y15T64,,_Z,,A,,2015,,67.55,,,,A,,0,,1,
DATAFLOW,OECD.SDD.TPS:DSD_LFS@DF_IALFS_EMP_WAP_Q(1.0),,I,FIN,,EMP_WAP,,PT_WAP_SUB,,_Z,,Y,,_T,,Y15T64,,_Z,,A,,2016,,68.225,,,,A,,0,,1,
DATAFLOW,OECD.SDD.TPS:DSD_LFS@DF_IALFS_EMP_WAP_Q(1.0),,I,FIN,,EMP_WAP,,PT_WAP_SUB,,_Z,,Y,,_T,,Y15T64,,_Z,,A,,2017,,69.075,,,,A,,0,,1,
DATAFLOW,OECD.SDD.TPS:DSD_LFS@DF_IALFS_EMP_WAP_Q(1.0),,I,FIN,,EMP_WAP,,PT_WAP_SUB,,_Z,,Y,,_T,,Y15T64,,_Z,,A,,2018,,71.15,,,,A,,0,,1,
DATAFLOW,OECD.SDD.TPS:DSD_LFS@DF_IALFS_EMP_WAP_Q(1.0),,I,FIN,,EMP_WAP,,PT_WAP_SUB,,_Z,,Y,,_T,,Y15T64,,_Z,,A,,2019,,72,,,,A,,0,,1,
DATAFLOW,OECD.SDD.TPS:DSD_LFS@DF_IALFS_EMP_WAP_Q(1.0),,I,FIN,,EMP_WAP,,PT_WAP_SUB,,_Z,,Y,,_T,,Y15T64,,_Z,,A,,2020,,71.175,,,,A,,0,,1,
DATAFLOW,OECD.SDD.TPS:DSD_LFS@DF_IALFS_EMP_WAP_Q(1.0),,I,FIN,,EMP_WAP,,PT_WAP_SUB,,_Z,,Y,,_T,,Y15T64,,_Z,,A,,2021,,72.65,,,,A,,0,,1,
DATAFLOW,OECD.SDD.TPS:DSD_LFS@DF_IALFS_EMP_WAP_Q(1.0),,I,FIN,,EMP_WAP,,PT_WAP_SUB,,_Z,,Y,,_T,,Y15T64,,_Z,,A,,2022,,74.3,,,,A,,0,,1,
DATAFLOW,OECD.SDD.TPS:DSD_LFS@DF_IALFS_EMP_WAP_Q(1.0),,I,ZAF,,EMP_WAP,,PT_WAP_SUB,,_Z,,Y,,_T,,Y15T64,,_Z,,A,,2012,,42.2082,,,,A,,0,,1,
DATAFLOW,OECD.SDD.TPS:DSD_LFS@DF_IALFS_EMP_WAP_Q(1.0),,I,ZAF,,EMP_WAP,,PT_WAP_SUB,,_Z,,Y,,_T,,Y15T64,,_Z,,A,,2013,,42.72718,,,,A,,0,,1,
DATAFLOW,OECD.SDD.TPS:DSD_LFS@DF_IALFS_EMP_WAP_Q(1.0),,I,ZAF,,EMP_WAP,,PT_WAP_SUB,,_Z,,Y,,_T,,Y15T64,,_Z,,A,,2014,,42.77369,,,,A,,0,,1,
DATAFLOW,OECD.SDD.TPS:DSD_LFS@DF_IALFS_EMP_WAP_Q(1.0),,I,ZAF,,EMP_WAP,,PT_WAP_SUB,,_Z,,Y,,_T,,Y15T64,,_Z,,A,,2015,,43.68032,,,,A,,0,,1,
DATAFLOW,OECD.SDD.TPS:DSD_LFS@DF_IALFS_EMP_WAP_Q(1.0),,I,ZAF,,EMP_WAP,,PT_WAP_SUB,,_Z,,Y,,_T,,Y15T64,,_Z,,A,,2016,,43.03369,,,,A,,0,,1,
DATAFLOW,OECD.SDD.TPS:DSD_LFS@DF_IALFS_EMP_WAP_Q(1.0),,I,ZAF,,EMP_WAP,,PT_WAP_SUB,,_Z,,Y,,_T,,Y15T64,,_Z,,A,,2017,,43.35536,,,,A,,0,,1,
DATAFLOW,OECD.SDD.TPS:DSD_LFS@DF_IALFS_EMP_WAP_Q(1.0),,I,ZAF,,EMP_WAP,,PT_WAP_SUB,,_Z,,Y,,_T,,Y15T64,,_Z,,A,,2018,,43.24669,,,,A,,0,,1,
DATAFLOW,OECD.SDD.TPS:DSD_LFS@DF_IALFS_EMP_WAP_Q(1.0),,I,ZAF,,EMP_WAP,,PT_WAP_SUB,,_Z,,Y,,_T,,Y15T64,,_Z,,A,,2019,,42.46033,,,,A,,0,,1,
DATAFLOW,OECD.SDD.TPS:DSD_LFS@DF_IALFS_EMP_WAP_Q(1.0),,I,ZAF,,EMP_WAP,,PT_WAP_SUB,,_Z,,Y,,_T,,Y15T64,,_Z,,A,,2020,,38.53147,,,,A,,0,,1,
DATAFLOW,OECD.SDD.TPS:DSD_LFS@DF_IALFS_EMP_WAP_Q(1.0),,I,ZAF,,EMP_WAP,,PT_WAP_SUB,,_Z,,Y,,_T,,Y15T64,,_Z,,A,,2021,,37.03354,,,,A,,0,,1,
DATAFLOW,OECD.SDD.TPS:DSD_LFS@DF_IALFS_EMP_WAP_Q(1.0),,I,ZAF,,EMP_WAP,,PT_WAP_SUB,,_Z,,Y,,_T,,Y15T64,,_Z,,A,,2022,,38.61707,,,,A,,0,,1,
DATAFLOW,OECD.SDD.TPS:DSD_LFS@DF_IALFS_EMP_WAP_Q(1.0),,I,LUX,,EMP_WAP,,PT_WAP_SUB,,_Z,,Y,,_T,,Y15T64,,_Z,,A,,2012,,65.85,,,,A,,0,,1,
DATAFLOW,OECD.SDD.TPS:DSD_LFS@DF_IALFS_EMP_WAP_Q(1.0),,I,LUX,,EMP_WAP,,PT_WAP_SUB,,_Z,,Y,,_T,,Y15T64,,_Z,,A,,2013,,65.725,,,,A,,0,,1,
DATAFLOW,OECD.SDD.TPS:DSD_LFS@DF_IALFS_EMP_WAP_Q(1.0),,I,LUX,,EMP_WAP,,PT_WAP_SUB,,_Z,,Y,,_T,,Y15T64,,_Z,,A,,2014,,66.625,,,,B,,0,,1,
DATAFLOW,OECD.SDD.TPS:DSD_LFS@DF_IALFS_EMP_WAP_Q(1.0),,I,LUX,,EMP_WAP,,PT_WAP_SUB,,_Z,,Y,,_T,,Y15T64,,_Z,,A,,2015,,66.15,,,,A,,0,,1,
DATAFLOW,OECD.SDD.TPS:DSD_LFS@DF_IALFS_EMP_WAP_Q(1.0),,I,LUX,,EMP_WAP,,PT_WAP_SUB,,_Z,,Y,,_T,,Y15T64,,_Z,,A,,2016,,65.575,,,,A,,0,,1,
DATAFLOW,OECD.SDD.TPS:DSD_LFS@DF_IALFS_EMP_WAP_Q(1.0),,I,LUX,,EMP_WAP,,PT_WAP_SUB,,_Z,,Y,,_T,,Y15T64,,_Z,,A,,2017,,66.275,,,,A,,0,,1,
DATAFLOW,OECD.SDD.TPS:DSD_LFS@DF_IALFS_EMP_WAP_Q(1.0),,I,LUX,,EMP_WAP,,PT_WAP_SUB,,_Z,,Y,,_T,,Y15T64,,_Z,,A,,2018,,67.1,,,,A,,0,,1,
DATAFLOW,OECD.SDD.TPS:DSD_LFS@DF_IALFS_EMP_WAP_Q(1.0),,I,LUX,,EMP_WAP,,PT_WAP_SUB,,_Z,,Y,,_T,,Y15T64,,_Z,,A,,2019,,67.95,,,,A,,0,,1,
DATAFLOW,OECD.SDD.TPS:DSD_LFS@DF_IALFS_EMP_WAP_Q(1.0),,I,LUX,,EMP_WAP,,PT_WAP_SUB,,_Z,,Y,,_T,,Y15T64,,_Z,,A,,2020,,67.25,,,,B,,0,,1,
DATAFLOW,OECD.SDD.TPS:DSD_LFS@DF_IALFS_EMP_WAP_Q(1.0),,I,LUX,,EMP_WAP,,PT_WAP_SUB,,_Z,,Y,,_T,,Y15T64,,_Z,,A,,2021,,69.375,,,,A,,0,,1,
DATAFLOW,OECD.SDD.TPS:DSD_LFS@DF_IALFS_EMP_WAP_Q(1.0),,I,LUX,,EMP_WAP,,PT_WAP_SUB,,_Z,,Y,,_T,,Y15T64,,_Z,,A,,2022,,70.125,,,,A,,0,,1,
DATAFLOW,OECD.SDD.TPS:DSD_LFS@DF_IALFS_EMP_WAP_Q(1.0),,I,NOR,,EMP_WAP,,PT_WAP_SUB,,_Z,,Y,,_T,,Y15T64,,_Z,,A,,2012,,75.75,,,,A,,0,,1,
DATAFLOW,OECD.SDD.TPS:DSD_LFS@DF_IALFS_EMP_WAP_Q(1.0),,I,NOR,,EMP_WAP,,PT_WAP_SUB,,_Z,,Y,,_T,,Y15T64,,_Z,,A,,2013,,75.425,,,,A,,0,,1,
DATAFLOW,OECD.SDD.TPS:DSD_LFS@DF_IALFS_EMP_WAP_Q(1.0),,I,NOR,,EMP_WAP,,PT_WAP_SUB,,_Z,,Y,,_T,,Y15T64,,_Z,,A,,2014,,75.225,,,,A,,0,,1,
DATAFLOW,OECD.SDD.TPS:DSD_LFS@DF_IALFS_EMP_WAP_Q(1.0),,I,NOR,,EMP_WAP,,PT_WAP_SUB,,_Z,,Y,,_T,,Y15T64,,_Z,,A,,2015,,74.8,,,,A,,0,,1,
DATAFLOW,OECD.SDD.TPS:DSD_LFS@DF_IALFS_EMP_WAP_Q(1.0),,I,NOR,,EMP_WAP,,PT_WAP_SUB,,_Z,,Y,,_T,,Y15T64,,_Z,,A,,2016,,74.3,,,,A,,0,,1,
DATAFLOW,OECD.SDD.TPS:DSD_LFS@DF_IALFS_EMP_WAP_Q(1.0),,I,NOR,,EMP_WAP,,PT_WAP_SUB,,_Z,,Y,,_T,,Y15T64,,_Z,,A,,2017,,74,,,,A,,0,,1,
DATAFLOW,OECD.SDD.TPS:DSD_LFS@DF_IALFS_EMP_WAP_Q(1.0),,I,NOR,,EMP_WAP,,PT_WAP_SUB,,_Z,,Y,,_T,,Y15T64,,_Z,,A,,2018,,74.8,,,,A,,0,,1,
DATAFLOW,OECD.SDD.TPS:DSD_LFS@DF_IALFS_EMP_WAP_Q(1.0),,I,NOR,,EMP_WAP,,PT_WAP_SUB,,_Z,,Y,,_T,,Y15T64,,_Z,,A,,2019,,75.3,,,,A,,0,,1,
DATAFLOW,OECD.SDD.TPS:DSD_LFS@DF_IALFS_EMP_WAP_Q(1.0),,I,NOR,,EMP_WAP,,PT_WAP_SUB,,_Z,,Y,,_T,,Y15T64,,_Z,,A,,2020,,74.65,,,,B,,0,,1,
DATAFLOW,OECD.SDD.TPS:DSD_LFS@DF_IALFS_EMP_WAP_Q(1.0),,I,NOR,,EMP_WAP,,PT_WAP_SUB,,_Z,,Y,,_T,,Y15T64,,_Z,,A,,2021,,76.3,,,,A,,0,,1,
DATAFLOW,OECD.SDD.TPS:DSD_LFS@DF_IALFS_EMP_WAP_Q(1.0),,I,NOR,,EMP_WAP,,PT_WAP_SUB,,_Z,,Y,,_T,,Y15T64,,_Z,,A,,2022,,77.725,,,,A,,0,,1,
DATAFLOW,OECD.SDD.TPS:DSD_LFS@DF_IALFS_EMP_WAP_Q(1.0),,I,ISR,,EMP_WAP,,PT_WAP_SUB,,_Z,,Y,,_T,,Y15T64,,_Z,,A,,2012,,66.5,,,,A,,0,,1,
DATAFLOW,OECD.SDD.TPS:DSD_LFS@DF_IALFS_EMP_WAP_Q(1.0),,I,ISR,,EMP_WAP,,PT_WAP_SUB,,_Z,,Y,,_T,,Y15T64,,_Z,,A,,2013,,67.05833,,,,A,,0,,1,
DATAFLOW,OECD.SDD.TPS:DSD_LFS@DF_IALFS_EMP_WAP_Q(1.0),,I,ISR,,EMP_WAP,,PT_WAP_SUB,,_Z,,Y,,_T,,Y15T64,,_Z,,A,,2014,,67.86667,,,,A,,0,,1,
DATAFLOW,OECD.SDD.TPS:DSD_LFS@DF_IALFS_EMP_WAP_Q(1.0),,I,ISR,,EMP_WAP,,PT_WAP_SUB,,_Z,,Y,,_T,,Y15T64,,_Z,,A,,2015,,68.31667,,,,A,,0,,1,
DATAFLOW,OECD.SDD.TPS:DSD_LFS@DF_IALFS_EMP_WAP_Q(1.0),,I,ISR,,EMP_WAP,,PT_WAP_SUB,,_Z,,Y,,_T,,Y15T64,,_Z,,A,,2016,,68.575,,,,A,,0,,1,
DATAFLOW,OECD.SDD.TPS:DSD_LFS@DF_IALFS_EMP_WAP_Q(1.0),,I,ISR,,EMP_WAP,,PT_WAP_SUB,,_Z,,Y,,_T,,Y15T64,,_Z,,A,,2017,,69.025,,,,A,,0,,1,
DATAFLOW,OECD.SDD.TPS:DSD_LFS@DF_IALFS_EMP_WAP_Q(1.0),,I,ISR,,EMP_WAP,,PT_WAP_SUB,,_Z,,Y,,_T,,Y15T64,,_Z,,A,,2018,,69.03333,,,,A,,0,,1,
DATAFLOW,OECD.SDD.TPS:DSD_LFS@DF_IALFS_EMP_WAP_Q(1.0),,I,ISR,,EMP_WAP,,PT_WAP_SUB,,_Z,,Y,,_T,,Y15T64,,_Z,,A,,2019,,68.94167,,,,A,,0,,1,
DATAFLOW,OECD.SDD.TPS:DSD_LFS@DF_IALFS_EMP_WAP_Q(1.0),,I,ISR,,EMP_WAP,,PT_WAP_SUB,,_Z,,Y,,_T,,Y15T64,,_Z,,A,,2020,,66.78333,,,,A,,0,,1,
DATAFLOW,OECD.SDD.TPS:DSD_LFS@DF_IALFS_EMP_WAP_Q(1.0),,I,ISR,,EMP_WAP,,PT_WAP_SUB,,_Z,,Y,,_T,,Y15T64,,_Z,,A,,2021,,66.6,,,,A,,0,,1,
DATAFLOW,OECD.SDD.TPS:DSD_LFS@DF_IALFS_EMP_WAP_Q(1.0),,I,ISR,,EMP_WAP,,PT_WAP_SUB,,_Z,,Y,,_T,,Y15T64,,_Z,,A,,2022,,69.19167,,,,A,,0,,1,
DATAFLOW,OECD.SDD.TPS:DSD_LFS@DF_IALFS_EMP_WAP_Q(1.0),,I,EST,,EMP_WAP,,PT_WAP_SUB,,_Z,,Y,,_T,,Y15T64,,_Z,,A,,2012,,67.975,,,,A,,0,,1,
DATAFLOW,OECD.SDD.TPS:DSD_LFS@DF_IALFS_EMP_WAP_Q(1.0),,I,EST,,EMP_WAP,,PT_WAP_SUB,,_Z,,Y,,_T,,Y15T64,,_Z,,A,,2013,,69.175,,,,A,,0,,1,
DATAFLOW,OECD.SDD.TPS:DSD_LFS@DF_IALFS_EMP_WAP_Q(1.0),,I,EST,,EMP_WAP,,PT_WAP_SUB,,_Z,,Y,,_T,,Y15T64,,_Z,,A,,2014,,70.225,,,,A,,0,,1,
DATAFLOW,OECD.SDD.TPS:DSD_LFS@DF_IALFS_EMP_WAP_Q(1.0),,I,EST,,EMP_WAP,,PT_WAP_SUB,,_Z,,Y,,_T,,Y15T64,,_Z,,A,,2015,,72.075,,,,A,,0,,1,
DATAFLOW,OECD.SDD.TPS:DSD_LFS@DF_IALFS_EMP_WAP_Q(1.0),,I,EST,,EMP_WAP,,PT_WAP_SUB,,_Z,,Y,,_T,,Y15T64,,_Z,,A,,2016,,72.4,,,,A,,0,,1,
DATAFLOW,OECD.SDD.TPS:DSD_LFS@DF_IALFS_EMP_WAP_Q(1.0),,I,EST,,EMP_WAP,,PT_WAP_SUB,,_Z,,Y,,_T,,Y15T64,,_Z,,A,,2017,,74.5,,,,A,,0,,1,
DATAFLOW,OECD.SDD.TPS:DSD_LFS@DF_IALFS_EMP_WAP_Q(1.0),,I,EST,,EMP_WAP,,PT_WAP_SUB,,_Z,,Y,,_T,,Y15T64,,_Z,,A,,2018,,75.05,,,,A,,0,,1,
DATAFLOW,OECD.SDD.TPS:DSD_LFS@DF_IALFS_EMP_WAP_Q(1.0),,I,EST,,EMP_WAP,,PT_WAP_SUB,,_Z,,Y,,_T,,Y15T64,,_Z,,A,,2019,,75.55,,,,A,,0,,1,
DATAFLOW,OECD.SDD.TPS:DSD_LFS@DF_IALFS_EMP_WAP_Q(1.0),,I,EST,,EMP_WAP,,PT_WAP_SUB,,_Z,,Y,,_T,,Y15T64,,_Z,,A,,2020,,73.975,,,,A,,0,,1,
DATAFLOW,OECD.SDD.TPS:DSD_LFS@DF_IALFS_EMP_WAP_Q(1.0),,I,EST,,EMP_WAP,,PT_WAP_SUB,,_Z,,Y,,_T,,Y15T64,,_Z,,A,,2021,,74,,,,A,,0,,1,
DATAFLOW,OECD.SDD.TPS:DSD_LFS@DF_IALFS_EMP_WAP_Q(1.0),,I,EST,,EMP_WAP,,PT_WAP_SUB,,_Z,,Y,,_T,,Y15T64,,_Z,,A,,2022,,76.425,,,,A,,0,,1,
DATAFLOW,OECD.SDD.TPS:DSD_LFS@DF_IALFS_EMP_WAP_Q(1.0),,I,MEX,,EMP_WAP,,PT_WAP_SUB,,_Z,,Y,,_T,,Y15T64,,_Z,,A,,2012,,60.90891,,,,A,,0,,1,
DATAFLOW,OECD.SDD.TPS:DSD_LFS@DF_IALFS_EMP_WAP_Q(1.0),,I,MEX,,EMP_WAP,,PT_WAP_SUB,,_Z,,Y,,_T,,Y15T64,,_Z,,A,,2013,,60.8422,,,,A,,0,,1,
DATAFLOW,OECD.SDD.TPS:DSD_LFS@DF_IALFS_EMP_WAP_Q(1.0),,I,MEX,,EMP_WAP,,PT_WAP_SUB,,_Z,,Y,,_T,,Y15T64,,_Z,,A,,2014,,60.40805,,,,A,,0,,1,
DATAFLOW,OECD.SDD.TPS:DSD_LFS@DF_IALFS_EMP_WAP_Q(1.0),,I,MEX,,EMP_WAP,,PT_WAP_SUB,,_Z,,Y,,_T,,Y15T64,,_Z,,A,,2015,,60.74515,,,,A,,0,,1,
DATAFLOW,OECD.SDD.TPS:DSD_LFS@DF_IALFS_EMP_WAP_Q(1.0),,I,MEX,,EMP_WAP,,PT_WAP_SUB,,_Z,,Y,,_T,,Y15T64,,_Z,,A,,2016,,61.04717,,,,A,,0,,1,
DATAFLOW,OECD.SDD.TPS:DSD_LFS@DF_IALFS_EMP_WAP_Q(1.0),,I,MEX,,EMP_WAP,,PT_WAP_SUB,,_Z,,Y,,_T,,Y15T64,,_Z,,A,,2017,,61.19406,,,,A,,0,,1,
DATAFLOW,OECD.SDD.TPS:DSD_LFS@DF_IALFS_EMP_WAP_Q(1.0),,I,MEX,,EMP_WAP,,PT_WAP_SUB,,_Z,,Y,,_T,,Y15T64,,_Z,,A,,2018,,61.59449,,,,A,,0,,1,
DATAFLOW,OECD.SDD.TPS:DSD_LFS@DF_IALFS_EMP_WAP_Q(1.0),,I,MEX,,EMP_WAP,,PT_WAP_SUB,,_Z,,Y,,_T,,Y15T64,,_Z,,A,,2019,,62.26349,,,,A,,0,,1,
DATAFLOW,OECD.SDD.TPS:DSD_LFS@DF_IALFS_EMP_WAP_Q(1.0),,I,MEX,,EMP_WAP,,PT_WAP_SUB,,_Z,,Y,,_T,,Y15T64,,_Z,,A,,2021,,61.03192,,,,A,,0,,1,
DATAFLOW,OECD.SDD.TPS:DSD_LFS@DF_IALFS_EMP_WAP_Q(1.0),,I,MEX,,EMP_WAP,,PT_WAP_SUB,,_Z,,Y,,_T,,Y15T64,,_Z,,A,,2022,,62.53553,,,,A,,0,,1,
DATAFLOW,OECD.SDD.TPS:DSD_LFS@DF_IALFS_EMP_WAP_Q(1.0),,I,SVN,,EMP_WAP,,PT_WAP_SUB,,_Z,,Y,,_T,,Y15T64,,_Z,,A,,2012,,63.575,,,,A,,0,,1,
DATAFLOW,OECD.SDD.TPS:DSD_LFS@DF_IALFS_EMP_WAP_Q(1.0),,I,SVN,,EMP_WAP,,PT_WAP_SUB,,_Z,,Y,,_T,,Y15T64,,_Z,,A,,2013,,62.775,,,,A,,0,,1,
DATAFLOW,OECD.SDD.TPS:DSD_LFS@DF_IALFS_EMP_WAP_Q(1.0),,I,SVN,,EMP_WAP,,PT_WAP_SUB,,_Z,,Y,,_T,,Y15T64,,_Z,,A,,2014,,63.4,,,,A,,0,,1,
DATAFLOW,OECD.SDD.TPS:DSD_LFS@DF_IALFS_EMP_WAP_Q(1.0),,I,SVN,,EMP_WAP,,PT_WAP_SUB,,_Z,,Y,,_T,,Y15T64,,_Z,,A,,2015,,64.65,,,,A,,0,,1,
DATAFLOW,OECD.SDD.TPS:DSD_LFS@DF_IALFS_EMP_WAP_Q(1.0),,I,SVN,,EMP_WAP,,PT_WAP_SUB,,_Z,,Y,,_T,,Y15T64,,_Z,,A,,2016,,65.325,,,,A,,0,,1,
DATAFLOW,OECD.SDD.TPS:DSD_LFS@DF_IALFS_EMP_WAP_Q(1.0),,I,SVN,,EMP_WAP,,PT_WAP_SUB,,_Z,,Y,,_T,,Y15T64,,_Z,,A,,2017,,68.725,,,,A,,0,,1,
DATAFLOW,OECD.SDD.TPS:DSD_LFS@DF_IALFS_EMP_WAP_Q(1.0),,I,SVN,,EMP_WAP,,PT_WAP_SUB,,_Z,,Y,,_T,,Y15T64,,_Z,,A,,2018,,70.55,,,,A,,0,,1,
DATAFLOW,OECD.SDD.TPS:DSD_LFS@DF_IALFS_EMP_WAP_Q(1.0),,I,SVN,,EMP_WAP,,PT_WAP_SUB,,_Z,,Y,,_T,,Y15T64,,_Z,,A,,2019,,71.275,,,,A,,0,,1,
DATAFLOW,OECD.SDD.TPS:DSD_LFS@DF_IALFS_EMP_WAP_Q(1.0),,I,SVN,,EMP_WAP,,PT_WAP_SUB,,_Z,,Y,,_T,,Y15T64,,_Z,,A,,2020,,70.05,,,,A,,0,,1,
DATAFLOW,OECD.SDD.TPS:DSD_LFS@DF_IALFS_EMP_WAP_Q(1.0),,I,SVN,,EMP_WAP,,PT_WAP_SUB,,_Z,,Y,,_T,,Y15T64,,_Z,,A,,2021,,71.45,,,,A,,0,,1,
DATAFLOW,OECD.SDD.TPS:DSD_LFS@DF_IALFS_EMP_WAP_Q(1.0),,I,SVN,,EMP_WAP,,PT_WAP_SUB,,_Z,,Y,,_T,,Y15T64,,_Z,,A,,2022,,73.125,,,,A,,0,,1,
DATAFLOW,OECD.SDD.TPS:DSD_LFS@DF_IALFS_EMP_WAP_Q(1.0),,I,CRI,,EMP_WAP,,PT_WAP_SUB,,_Z,,Y,,_T,,Y15T64,,_Z,,A,,2013,,61.76549,,,,A,,0,,1,
DATAFLOW,OECD.SDD.TPS:DSD_LFS@DF_IALFS_EMP_WAP_Q(1.0),,I,CRI,,EMP_WAP,,PT_WAP_SUB,,_Z,,Y,,_T,,Y15T64,,_Z,,A,,2014,,61.74079,,,,A,,0,,1,
DATAFLOW,OECD.SDD.TPS:DSD_LFS@DF_IALFS_EMP_WAP_Q(1.0),,I,CRI,,EMP_WAP,,PT_WAP_SUB,,_Z,,Y,,_T,,Y15T64,,_Z,,A,,2015,,60.69011,,,,A,,0,,1,
DATAFLOW,OECD.SDD.TPS:DSD_LFS@DF_IALFS_EMP_WAP_Q(1.0),,I,CRI,,EMP_WAP,,PT_WAP_SUB,,_Z,,Y,,_T,,Y15T64,,_Z,,A,,2016,,58.71328,,,,A,,0,,1,
DATAFLOW,OECD.SDD.TPS:DSD_LFS@DF_IALFS_EMP_WAP_Q(1.0),,I,CRI,,EMP_WAP,,PT_WAP_SUB,,_Z,,Y,,_T,,Y15T64,,_Z,,A,,2017,,59.7869,,,,A,,0,,1,
DATAFLOW,OECD.SDD.TPS:DSD_LFS@DF_IALFS_EMP_WAP_Q(1.0),,I,CRI,,EMP_WAP,,PT_WAP_SUB,,_Z,,Y,,_T,,Y15T64,,_Z,,A,,2018,,60.95155,,,,A,,0,,1,
DATAFLOW,OECD.SDD.TPS:DSD_LFS@DF_IALFS_EMP_WAP_Q(1.0),,I,CRI,,EMP_WAP,,PT_WAP_SUB,,_Z,,Y,,_T,,Y15T64,,_Z,,A,,2019,,61.64743,,,,A,,0,,1,
DATAFLOW,OECD.SDD.TPS:DSD_LFS@DF_IALFS_EMP_WAP_Q(1.0),,I,CRI,,EMP_WAP,,PT_WAP_SUB,,_Z,,Y,,_T,,Y15T64,,_Z,,A,,2020,,54.83073,,,,A,,0,,1,
DATAFLOW,OECD.SDD.TPS:DSD_LFS@DF_IALFS_EMP_WAP_Q(1.0),,I,CRI,,EMP_WAP,,PT_WAP_SUB,,_Z,,Y,,_T,,Y15T64,,_Z,,A,,2021,,57.15372,,,,A,,0,,1,
DATAFLOW,OECD.SDD.TPS:DSD_LFS@DF_IALFS_EMP_WAP_Q(1.0),,I,CRI,,EMP_WAP,,PT_WAP_SUB,,_Z,,Y,,_T,,Y15T64,,_Z,,A,,2022,,60.05968,,,,A,,0,,1,
DATAFLOW,OECD.SDD.TPS:DSD_LFS@DF_IALFS_EMP_WAP_Q(1.0),,I,CRI,,EMP_WAP,,PT_WAP_SUB,,_Z,,Y,,_T,,Y15T64,,_Z,,A,,2023,,58.64424,,,,A,,0,,1,
DATAFLOW,OECD.SDD.TPS:DSD_LFS@DF_IALFS_EMP_WAP_Q(1.0),,I,SWE,,EMP_WAP,,PT_WAP_SUB,,_Z,,Y,,_T,,Y15T64,,_Z,,A,,2013,,74.4,,,,A,,0,,1,
DATAFLOW,OECD.SDD.TPS:DSD_LFS@DF_IALFS_EMP_WAP_Q(1.0),,I,SWE,,EMP_WAP,,PT_WAP_SUB,,_Z,,Y,,_T,,Y15T64,,_Z,,A,,2014,,74.85,,,,A,,0,,1,
DATAFLOW,OECD.SDD.TPS:DSD_LFS@DF_IALFS_EMP_WAP_Q(1.0),,I,SWE,,EMP_WAP,,PT_WAP_SUB,,_Z,,Y,,_T,,Y15T64,,_Z,,A,,2015,,75.525,,,,A,,0,,1,
DATAFLOW,OECD.SDD.TPS:DSD_LFS@DF_IALFS_EMP_WAP_Q(1.0),,I,SWE,,EMP_WAP,,PT_WAP_SUB,,_Z,,Y,,_T,,Y15T64,,_Z,,A,,2016,,76.2,,,,A,,0,,1,
DATAFLOW,OECD.SDD.TPS:DSD_LFS@DF_IALFS_EMP_WAP_Q(1.0),,I,SWE,,EMP_WAP,,PT_WAP_SUB,,_Z,,Y,,_T,,Y15T64,,_Z,,A,,2017,,76.85,,,,A,,0,,1,
DATAFLOW,OECD.SDD.TPS:DSD_LFS@DF_IALFS_EMP_WAP_Q(1.0),,I,SWE,,EMP_WAP,,PT_WAP_SUB,,_Z,,Y,,_T,,Y15T64,,_Z,,A,,2018,,77.375,,,,A,,0,,1,
DATAFLOW,OECD.SDD.TPS:DSD_LFS@DF_IALFS_EMP_WAP_Q(1.0),,I,SWE,,EMP_WAP,,PT_WAP_SUB,,_Z,,Y,,_T,,Y15T64,,_Z,,A,,2019,,77.125,,,,A,,0,,1,
DATAFLOW,OECD.SDD.TPS:DSD_LFS@DF_IALFS_EMP_WAP_Q(1.0),,I,SWE,,EMP_WAP,,PT_WAP_SUB,,_Z,,Y,,_T,,Y15T64,,_Z,,A,,2020,,75.5,,,,A,,0,,1,
DATAFLOW,OECD.SDD.TPS:DSD_LFS@DF_IALFS_EMP_WAP_Q(1.0),,I,SWE,,EMP_WAP,,PT_WAP_SUB,,_Z,,Y,,_T,,Y15T64,,_Z,,A,,2021,,75.1,,,,A,,0,,1,
DATAFLOW,OECD.SDD.TPS:DSD_LFS@DF_IALFS_EMP_WAP_Q(1.0),,I,SWE,,EMP_WAP,,PT_WAP_SUB,,_Z,,Y,,_T,,Y15T64,,_Z,,A,,2022,,76.975,,,,A,,0,,1,
DATAFLOW,OECD.SDD.TPS:DSD_LFS@DF_IALFS_EMP_WAP_Q(1.0),,I,SWE,,EMP_WAP,,PT_WAP_SUB,,_Z,,Y,,_T,,Y15T64,,_Z,,A,,2023,,77.4,,,,A,,0,,1,
DATAFLOW,OECD.SDD.TPS:DSD_LFS@DF_IALFS_EMP_WAP_Q(1.0),,I,LTU,,EMP_WAP,,PT_WAP_SUB,,_Z,,Y,,_T,,Y15T64,,_Z,,A,,2013,,63.725,,,,A,,0,,1,
DATAFLOW,OECD.SDD.TPS:DSD_LFS@DF_IALFS_EMP_WAP_Q(1.0),,I,LTU,,EMP_WAP,,PT_WAP_SUB,,_Z,,Y,,_T,,Y15T64,,_Z,,A,,2014,,65.65,,,,A,,0,,1,
DATAFLOW,OECD.SDD.TPS:DSD_LFS@DF_IALFS_EMP_WAP_Q(1.0),,I,LTU,,EMP_WAP,,PT_WAP_SUB,,_Z,,Y,,_T,,Y15T64,,_Z,,A,,2015,,67.25,,,,A,,0,,1,
DATAFLOW,OECD.SDD.TPS:DSD_LFS@DF_IALFS_EMP_WAP_Q(1.0),,I,LTU,,EMP_WAP,,PT_WAP_SUB,,_Z,,Y,,_T,,Y15T64,,_Z,,A,,2016,,69.375,,,,A,,0,,1,
DATAFLOW,OECD.SDD.TPS:DSD_LFS@DF_IALFS_EMP_WAP_Q(1.0),,I,LTU,,EMP_WAP,,PT_WAP_SUB,,_Z,,Y,,_T,,Y15T64,,_Z,,A,,2017,,70.375,,,,A,,0,,1,
DATAFLOW,OECD.SDD.TPS:DSD_LFS@DF_IALFS_EMP_WAP_Q(1.0),,I,LTU,,EMP_WAP,,PT_WAP_SUB,,_Z,,Y,,_T,,Y15T64,,_Z,,A,,2018,,72.4,,,,A,,0,,1,
DATAFLOW,OECD.SDD.TPS:DSD_LFS@DF_IALFS_EMP_WAP_Q(1.0),,I,LTU,,EMP_WAP,,PT_WAP_SUB,,_Z,,Y,,_T,,Y15T64,,_Z,,A,,2019,,72.975,,,,A,,0,,1,
DATAFLOW,OECD.SDD.TPS:DSD_LFS@DF_IALFS_EMP_WAP_Q(1.0),,I,LTU,,EMP_WAP,,PT_WAP_SUB,,_Z,,Y,,_T,,Y15T64,,_Z,,A,,2020,,71.625,,,,B,,0,,1,
DATAFLOW,OECD.SDD.TPS:DSD_LFS@DF_IALFS_EMP_WAP_Q(1.0),,I,LTU,,EMP_WAP,,PT_WAP_SUB,,_Z,,Y,,_T,,Y15T64,,_Z,,A,,2021,,72.425,,,,A,,0,,1,
DATAFLOW,OECD.SDD.TPS:DSD_LFS@DF_IALFS_EMP_WAP_Q(1.0),,I,LTU,,EMP_WAP,,PT_WAP_SUB,,_Z,,Y,,_T,,Y15T64,,_Z,,A,,2022,,73.75,,,,A,,0,,1,
DATAFLOW,OECD.SDD.TPS:DSD_LFS@DF_IALFS_EMP_WAP_Q(1.0),,I,LTU,,EMP_WAP,,PT_WAP_SUB,,_Z,,Y,,_T,,Y15T64,,_Z,,A,,2023,,73.125,,,,A,,0,,1,
DATAFLOW,OECD.SDD.TPS:DSD_LFS@DF_IALFS_EMP_WAP_Q(1.0),,I,IRL,,EMP_WAP,,PT_WAP_SUB,,_Z,,Y,,_T,,Y15T64,,_Z,,A,,2013,,61.75,,,,A,,0,,1,
DATAFLOW,OECD.SDD.TPS:DSD_LFS@DF_IALFS_EMP_WAP_Q(1.0),,I,IRL,,EMP_WAP,,PT_WAP_SUB,,_Z,,Y,,_T,,Y15T64,,_Z,,A,,2014,,63.125,,,,A,,0,,1,
DATAFLOW,OECD.SDD.TPS:DSD_LFS@DF_IALFS_EMP_WAP_Q(1.0),,I,IRL,,EMP_WAP,,PT_WAP_SUB,,_Z,,Y,,_T,,Y15T64,,_Z,,A,,2015,,64.7,,,,A,,0,,1,
DATAFLOW,OECD.SDD.TPS:DSD_LFS@DF_IALFS_EMP_WAP_Q(1.0),,I,IRL,,EMP_WAP,,PT_WAP_SUB,,_Z,,Y,,_T,,Y15T64,,_Z,,A,,2016,,66.425,,,,A,,0,,1,
DATAFLOW,OECD.SDD.TPS:DSD_LFS@DF_IALFS_EMP_WAP_Q(1.0),,I,IRL,,EMP_WAP,,PT_WAP_SUB,,_Z,,Y,,_T,,Y15T64,,_Z,,A,,2017,,67.575,,,,A,,0,,1,
DATAFLOW,OECD.SDD.TPS:DSD_LFS@DF_IALFS_EMP_WAP_Q(1.0),,I,IRL,,EMP_WAP,,PT_WAP_SUB,,_Z,,Y,,_T,,Y15T64,,_Z,,A,,2018,,68.475,,,,A,,0,,1,
DATAFLOW,OECD.SDD.TPS:DSD_LFS@DF_IALFS_EMP_WAP_Q(1.0),,I,IRL,,EMP_WAP,,PT_WAP_SUB,,_Z,,Y,,_T,,Y15T64,,_Z,,A,,2019,,69.45,,,,A,,0,,1,
DATAFLOW,OECD.SDD.TPS:DSD_LFS@DF_IALFS_EMP_WAP_Q(1.0),,I,IRL,,EMP_WAP,,PT_WAP_SUB,,_Z,,Y,,_T,,Y15T64,,_Z,,A,,2020,,66.55,,,,A,,0,,1,
DATAFLOW,OECD.SDD.TPS:DSD_LFS@DF_IALFS_EMP_WAP_Q(1.0),,I,IRL,,EMP_WAP,,PT_WAP_SUB,,_Z,,Y,,_T,,Y15T64,,_Z,,A,,2021,,69.825,,,,A,,0,,1,
DATAFLOW,OECD.SDD.TPS:DSD_LFS@DF_IALFS_EMP_WAP_Q(1.0),,I,IRL,,EMP_WAP,,PT_WAP_SUB,,_Z,,Y,,_T,,Y15T64,,_Z,,A,,2022,,73.275,,,,A,,0,,1,
DATAFLOW,OECD.SDD.TPS:DSD_LFS@DF_IALFS_EMP_WAP_Q(1.0),,I,IRL,,EMP_WAP,,PT_WAP_SUB,,_Z,,Y,,_T,,Y15T64,,_Z,,A,,2023,,74.025,,,,A,,0,,1,
DATAFLOW,OECD.SDD.TPS:DSD_LFS@DF_IALFS_EMP_WAP_Q(1.0),,I,AUS,,EMP_WAP,,PT_WAP_SUB,,_Z,,Y,,_T,,Y15T64,,_Z,,A,,2013,,71.97044,,,,A,,0,,1,
DATAFLOW,OECD.SDD.TPS:DSD_LFS@DF_IALFS_EMP_WAP_Q(1.0),,I,AUS,,EMP_WAP,,PT_WAP_SUB,,_Z,,Y,,_T,,Y15T64,,_Z,,A,,2014,,71.56635,,,,A,,0,,1,
DATAFLOW,OECD.SDD.TPS:DSD_LFS@DF_IALFS_EMP_WAP_Q(1.0),,I,AUS,,EMP_WAP,,PT_WAP_SUB,,_Z,,Y,,_T,,Y15T64,,_Z,,A,,2015,,72.15796,,,,A,,0,,1,
DATAFLOW,OECD.SDD.TPS:DSD_LFS@DF_IALFS_EMP_WAP_Q(1.0),,I,AUS,,EMP_WAP,,PT_WAP_SUB,,_Z,,Y,,_T,,Y15T64,,_Z,,A,,2016,,72.38454,,,,A,,0,,1,
DATAFLOW,OECD.SDD.TPS:DSD_LFS@DF_IALFS_EMP_WAP_Q(1.0),,I,AUS,,EMP_WAP,,PT_WAP_SUB,,_Z,,Y,,_T,,Y15T64,,_Z,,A,,2017,,72.77106,,,,A,,0,,1,
DATAFLOW,OECD.SDD.TPS:DSD_LFS@DF_IALFS_EMP_WAP_Q(1.0),,I,AUS,,EMP_WAP,,PT_WAP_SUB,,_Z,,Y,,_T,,Y15T64,,_Z,,A,,2018,,73.48926,,,,A,,0,,1,
DATAFLOW,OECD.SDD.TPS:DSD_LFS@DF_IALFS_EMP_WAP_Q(1.0),,I,AUS,,EMP_WAP,,PT_WAP_SUB,,_Z,,Y,,_T,,Y15T64,,_Z,,A,,2019,,74.11063,,,,A,,0,,1,
DATAFLOW,OECD.SDD.TPS:DSD_LFS@DF_IALFS_EMP_WAP_Q(1.0),,I,AUS,,EMP_WAP,,PT_WAP_SUB,,_Z,,Y,,_T,,Y15T64,,_Z,,A,,2020,,72.35858,,,,A,,0,,1,
DATAFLOW,OECD.SDD.TPS:DSD_LFS@DF_IALFS_EMP_WAP_Q(1.0),,I,AUS,,EMP_WAP,,PT_WAP_SUB,,_Z,,Y,,_T,,Y15T64,,_Z,,A,,2021,,74.58255,,,,A,,0,,1,
DATAFLOW,OECD.SDD.TPS:DSD_LFS@DF_IALFS_EMP_WAP_Q(1.0),,I,AUS,,EMP_WAP,,PT_WAP_SUB,,_Z,,Y,,_T,,Y15T64,,_Z,,A,,2022,,76.9099,,,,A,,0,,1,
DATAFLOW,OECD.SDD.TPS:DSD_LFS@DF_IALFS_EMP_WAP_Q(1.0),,I,AUS,,EMP_WAP,,PT_WAP_SUB,,_Z,,Y,,_T,,Y15T64,,_Z,,A,,2023,,77.20457,,,,A,,0,,1,
DATAFLOW,OECD.SDD.TPS:DSD_LFS@DF_IALFS_EMP_WAP_Q(1.0),,I,FRA,,EMP_WAP,,PT_WAP_SUB,,_Z,,Y,,_T,,Y15T64,,_Z,,A,,2013,,64.375,,,,A,,0,,1,
DATAFLOW,OECD.SDD.TPS:DSD_LFS@DF_IALFS_EMP_WAP_Q(1.0),,I,FRA,,EMP_WAP,,PT_WAP_SUB,,_Z,,Y,,_T,,Y15T64,,_Z,,A,,2014,,64.525,,,,A,,0,,1,
DATAFLOW,OECD.SDD.TPS:DSD_LFS@DF_IALFS_EMP_WAP_Q(1.0),,I,FRA,,EMP_WAP,,PT_WAP_SUB,,_Z,,Y,,_T,,Y15T64,,_Z,,A,,2015,,64.7,,,,A,,0,,1,
DATAFLOW,OECD.SDD.TPS:DSD_LFS@DF_IALFS_EMP_WAP_Q(1.0),,I,FRA,,EMP_WAP,,PT_WAP_SUB,,_Z,,Y,,_T,,Y15T64,,_Z,,A,,2016,,65,,,,A,,0,,1,
DATAFLOW,OECD.SDD.TPS:DSD_LFS@DF_IALFS_EMP_WAP_Q(1.0),,I,FRA,,EMP_WAP,,PT_WAP_SUB,,_Z,,Y,,_T,,Y15T64,,_Z,,A,,2017,,65.55,,,,A,,0,,1,
DATAFLOW,OECD.SDD.TPS:DSD_LFS@DF_IALFS_EMP_WAP_Q(1.0),,I,FRA,,EMP_WAP,,PT_WAP_SUB,,_Z,,Y,,_T,,Y15T64,,_Z,,A,,2018,,66.15,,,,A,,0,,1,
DATAFLOW,OECD.SDD.TPS:DSD_LFS@DF_IALFS_EMP_WAP_Q(1.0),,I,FRA,,EMP_WAP,,PT_WAP_SUB,,_Z,,Y,,_T,,Y15T64,,_Z,,A,,2019,,66.375,,,,A,,0,,1,
DATAFLOW,OECD.SDD.TPS:DSD_LFS@DF_IALFS_EMP_WAP_Q(1.0),,I,FRA,,EMP_WAP,,PT_WAP_SUB,,_Z,,Y,,_T,,Y15T64,,_Z,,A,,2020,,66.1,,,,A,,0,,1,
DATAFLOW,OECD.SDD.TPS:DSD_LFS@DF_IALFS_EMP_WAP_Q(1.0),,I,FRA,,EMP_WAP,,PT_WAP_SUB,,_Z,,Y,,_T,,Y15T64,,_Z,,A,,2021,,67.25,,,,A,,0,,1,
DATAFLOW,OECD.SDD.TPS:DSD_LFS@DF_IALFS_EMP_WAP_Q(1.0),,I,FRA,,EMP_WAP,,PT_WAP_SUB,,_Z,,Y,,_T,,Y15T64,,_Z,,A,,2022,,68.125,,,,A,,0,,1,
DATAFLOW,OECD.SDD.TPS:DSD_LFS@DF_IALFS_EMP_WAP_Q(1.0),,I,FRA,,EMP_WAP,,PT_WAP_SUB,,_Z,,Y,,_T,,Y15T64,,_Z,,A,,2023,,68.45,,,,A,,0,,1,
DATAFLOW,OECD.SDD.TPS:DSD_LFS@DF_IALFS_EMP_WAP_Q(1.0),,I,COL,,EMP_WAP,,PT_WAP_SUB,,_Z,,Y,,_T,,Y15T64,,_Z,,A,,2015,,67.385,,,,A,,0,,1,
DATAFLOW,OECD.SDD.TPS:DSD_LFS@DF_IALFS_EMP_WAP_Q(1.0),,I,COL,,EMP_WAP,,PT_WAP_SUB,,_Z,,Y,,_T,,Y15T64,,_Z,,A,,2016,,67.0325,,,,A,,0,,1,
DATAFLOW,OECD.SDD.TPS:DSD_LFS@DF_IALFS_EMP_WAP_Q(1.0),,I,COL,,EMP_WAP,,PT_WAP_SUB,,_Z,,Y,,_T,,Y15T64,,_Z,,A,,2017,,66.93333,,,,A,,0,,1,
DATAFLOW,OECD.SDD.TPS:DSD_LFS@DF_IALFS_EMP_WAP_Q(1.0),,I,COL,,EMP_WAP,,PT_WAP_SUB,,_Z,,Y,,_T,,Y15T64,,_Z,,A,,2018,,66.45084,,,,A,,0,,1,
DATAFLOW,OECD.SDD.TPS:DSD_LFS@DF_IALFS_EMP_WAP_Q(1.0),,I,COL,,EMP_WAP,,PT_WAP_SUB,,_Z,,Y,,_T,,Y15T64,,_Z,,A,,2019,,65.36667,,,,A,,0,,1,
DATAFLOW,OECD.SDD.TPS:DSD_LFS@DF_IALFS_EMP_WAP_Q(1.0),,I,COL,,EMP_WAP,,PT_WAP_SUB,,_Z,,Y,,_T,,Y15T64,,_Z,,A,,2020,,57.83167,,,,A,,0,,1,
DATAFLOW,OECD.SDD.TPS:DSD_LFS@DF_IALFS_EMP_WAP_Q(1.0),,I,COL,,EMP_WAP,,PT_WAP_SUB,,_Z,,Y,,_T,,Y15T64,,_Z,,A,,2021,,57.84833,,,,A,,0,,1,
DATAFLOW,OECD.SDD.TPS:DSD_LFS@DF_IALFS_EMP_WAP_Q(1.0),,I,COL,,EMP_WAP,,PT_WAP_SUB,,_Z,,Y,,_T,,Y15T64,,_Z,,A,,2022,,61.59167,,,,A,,0,,1,
DATAFLOW,OECD.SDD.TPS:DSD_LFS@DF_IALFS_EMP_WAP_Q(1.0),,I,COL,,EMP_WAP,,PT_WAP_SUB,,_Z,,Y,,_T,,Y15T64,,_Z,,A,,2023,,62.97167,,,,A,,0,,1,
DATAFLOW,OECD.SDD.TPS:DSD_LFS@DF_IALFS_EMP_WAP_Q(1.0),,I,COL,,EMP_WAP,,PT_WAP_SUB,,_Z,,Y,,_T,,Y15T64,,_Z,,A,,2012,,66.015,,,,A,,0,,1,
DATAFLOW,OECD.SDD.TPS:DSD_LFS@DF_IALFS_EMP_WAP_Q(1.0),,I,COL,,EMP_WAP,,PT_WAP_SUB,,_Z,,Y,,_T,,Y15T64,,_Z,,A,,2013,,66.21416,,,,A,,0,,1,
DATAFLOW,OECD.SDD.TPS:DSD_LFS@DF_IALFS_EMP_WAP_Q(1.0),,I,SVK,,EMP_WAP,,PT_WAP_SUB,,_Z,,Y,,_T,,Y15T64,,_Z,,A,,2013,,61.575,,,,A,,0,,1,
DATAFLOW,OECD.SDD.TPS:DSD_LFS@DF_IALFS_EMP_WAP_Q(1.0),,I,SVK,,EMP_WAP,,PT_WAP_SUB,,_Z,,Y,,_T,,Y15T64,,_Z,,A,,2014,,62.7,,,,A,,0,,1,
DATAFLOW,OECD.SDD.TPS:DSD_LFS@DF_IALFS_EMP_WAP_Q(1.0),,I,SVK,,EMP_WAP,,PT_WAP_SUB,,_Z,,Y,,_T,,Y15T64,,_Z,,A,,2015,,64.525,,,,A,,0,,1,
DATAFLOW,OECD.SDD.TPS:DSD_LFS@DF_IALFS_EMP_WAP_Q(1.0),,I,SVK,,EMP_WAP,,PT_WAP_SUB,,_Z,,Y,,_T,,Y15T64,,_Z,,A,,2016,,66.7,,,,A,,0,,1,
DATAFLOW,OECD.SDD.TPS:DSD_LFS@DF_IALFS_EMP_WAP_Q(1.0),,I,SVK,,EMP_WAP,,PT_WAP_SUB,,_Z,,Y,,_T,,Y15T64,,_Z,,A,,2017,,68.075,,,,A,,0,,1,
DATAFLOW,OECD.SDD.TPS:DSD_LFS@DF_IALFS_EMP_WAP_Q(1.0),,I,SVK,,EMP_WAP,,PT_WAP_SUB,,_Z,,Y,,_T,,Y15T64,,_Z,,A,,2018,,69.55,,,,A,,0,,1,
DATAFLOW,OECD.SDD.TPS:DSD_LFS@DF_IALFS_EMP_WAP_Q(1.0),,I,SVK,,EMP_WAP,,PT_WAP_SUB,,_Z,,Y,,_T,,Y15T64,,_Z,,A,,2019,,70.425,,,,A,,0,,1,
DATAFLOW,OECD.SDD.TPS:DSD_LFS@DF_IALFS_EMP_WAP_Q(1.0),,I,SVK,,EMP_WAP,,PT_WAP_SUB,,_Z,,Y,,_T,,Y15T64,,_Z,,A,,2020,,69.475,,,,A,,0,,1,
DATAFLOW,OECD.SDD.TPS:DSD_LFS@DF_IALFS_EMP_WAP_Q(1.0),,I,SVK,,EMP_WAP,,PT_WAP_SUB,,_Z,,Y,,_T,,Y15T64,,_Z,,A,,2021,,69.45,,,,A,,0,,1,
DATAFLOW,OECD.SDD.TPS:DSD_LFS@DF_IALFS_EMP_WAP_Q(1.0),,I,SVK,,EMP_WAP,,PT_WAP_SUB,,_Z,,Y,,_T,,Y15T64,,_Z,,A,,2022,,71.35,,,,A,,0,,1,
DATAFLOW,OECD.SDD.TPS:DSD_LFS@DF_IALFS_EMP_WAP_Q(1.0),,I,SVK,,EMP_WAP,,PT_WAP_SUB,,_Z,,Y,,_T,,Y15T64,,_Z,,A,,2023,,71.975,,,,A,,0,,1,
DATAFLOW,OECD.SDD.TPS:DSD_LFS@DF_IALFS_EMP_WAP_Q(1.0),,I,RUS,,EMP_WAP,,PT_WAP_SUB,,_Z,,Y,,_T,,Y15T64,,_Z,,A,,2017,,70.30539,,,,A,,0,,1,
DATAFLOW,OECD.SDD.TPS:DSD_LFS@DF_IALFS_EMP_WAP_Q(1.0),,I,RUS,,EMP_WAP,,PT_WAP_SUB,,_Z,,Y,,_T,,Y15T64,,_Z,,A,,2018,,70.97634,,,,A,,0,,1,
DATAFLOW,OECD.SDD.TPS:DSD_LFS@DF_IALFS_EMP_WAP_Q(1.0),,I,RUS,,EMP_WAP,,PT_WAP_SUB,,_Z,,Y,,_T,,Y15T64,,_Z,,A,,2019,,70.78918,,,,A,,0,,1,
DATAFLOW,OECD.SDD.TPS:DSD_LFS@DF_IALFS_EMP_WAP_Q(1.0),,I,RUS,,EMP_WAP,,PT_WAP_SUB,,_Z,,Y,,_T,,Y15T64,,_Z,,A,,2020,,69.99245,,,,A,,0,,1,
DATAFLOW,OECD.SDD.TPS:DSD_LFS@DF_IALFS_EMP_WAP_Q(1.0),,I,RUS,,EMP_WAP,,PT_WAP_SUB,,_Z,,Y,,_T,,Y15T64,,_Z,,A,,2021,,71.68963,,,,A,,0,,1,
DATAFLOW,OECD.SDD.TPS:DSD_LFS@DF_IALFS_EMP_WAP_Q(1.0),,I,RUS,,EMP_WAP,,PT_WAP_SUB,,_Z,,Y,,_T,,Y15T64,,_Z,,A,,2012,,68.96736,,,,A,,0,,1,
DATAFLOW,OECD.SDD.TPS:DSD_LFS@DF_IALFS_EMP_WAP_Q(1.0),,I,RUS,,EMP_WAP,,PT_WAP_SUB,,_Z,,Y,,_T,,Y15T64,,_Z,,A,,2013,,68.7785,,,,A,,0,,1,
DATAFLOW,OECD.SDD.TPS:DSD_LFS@DF_IALFS_EMP_WAP_Q(1.0),,I,RUS,,EMP_WAP,,PT_WAP_SUB,,_Z,,Y,,_T,,Y15T64,,_Z,,A,,2014,,69.33393,,,,A,,0,,1,
DATAFLOW,OECD.SDD.TPS:DSD_LFS@DF_IALFS_EMP_WAP_Q(1.0),,I,RUS,,EMP_WAP,,PT_WAP_SUB,,_Z,,Y,,_T,,Y15T64,,_Z,,A,,2015,,69.29679,,,,A,,0,,1,
DATAFLOW,OECD.SDD.TPS:DSD_LFS@DF_IALFS_EMP_WAP_Q(1.0),,I,BGR,,EMP_WAP,,PT_WAP_SUB,,_Z,,Y,,_T,,Y15T64,,_Z,,A,,2013,,59.475,,,,A,,0,,1,
DATAFLOW,OECD.SDD.TPS:DSD_LFS@DF_IALFS_EMP_WAP_Q(1.0),,I,BGR,,EMP_WAP,,PT_WAP_SUB,,_Z,,Y,,_T,,Y15T64,,_Z,,A,,2014,,61.05,,,,A,,0,,1,
DATAFLOW,OECD.SDD.TPS:DSD_LFS@DF_IALFS_EMP_WAP_Q(1.0),,I,BGR,,EMP_WAP,,PT_WAP_SUB,,_Z,,Y,,_T,,Y15T64,,_Z,,A,,2015,,62.9,,,,A,,0,,1,
DATAFLOW,OECD.SDD.TPS:DSD_LFS@DF_IALFS_EMP_WAP_Q(1.0),,I,BGR,,EMP_WAP,,PT_WAP_SUB,,_Z,,Y,,_T,,Y15T64,,_Z,,A,,2016,,63.4,,,,A,,0,,1,
DATAFLOW,OECD.SDD.TPS:DSD_LFS@DF_IALFS_EMP_WAP_Q(1.0),,I,BGR,,EMP_WAP,,PT_WAP_SUB,,_Z,,Y,,_T,,Y15T64,,_Z,,A,,2017,,66.875,,,,A,,0,,1,
DATAFLOW,OECD.SDD.TPS:DSD_LFS@DF_IALFS_EMP_WAP_Q(1.0),,I,BGR,,EMP_WAP,,PT_WAP_SUB,,_Z,,Y,,_T,,Y15T64,,_Z,,A,,2018,,67.725,,,,A,,0,,1,
DATAFLOW,OECD.SDD.TPS:DSD_LFS@DF_IALFS_EMP_WAP_Q(1.0),,I,BGR,,EMP_WAP,,PT_WAP_SUB,,_Z,,Y,,_T,,Y15T64,,_Z,,A,,2019,,70.45,,,,A,,0,,1,
DATAFLOW,OECD.SDD.TPS:DSD_LFS@DF_IALFS_EMP_WAP_Q(1.0),,I,BGR,,EMP_WAP,,PT_WAP_SUB,,_Z,,Y,,_T,,Y15T64,,_Z,,A,,2020,,68.875,,,,A,,0,,1,
DATAFLOW,OECD.SDD.TPS:DSD_LFS@DF_IALFS_EMP_WAP_Q(1.0),,I,BGR,,EMP_WAP,,PT_WAP_SUB,,_Z,,Y,,_T,,Y15T64,,_Z,,A,,2021,,68.475,,,,A,,0,,1,
DATAFLOW,OECD.SDD.TPS:DSD_LFS@DF_IALFS_EMP_WAP_Q(1.0),,I,BGR,,EMP_WAP,,PT_WAP_SUB,,_Z,,Y,,_T,,Y15T64,,_Z,,A,,2022,,70.65,,,,A,,0,,1,
DATAFLOW,OECD.SDD.TPS:DSD_LFS@DF_IALFS_EMP_WAP_Q(1.0),,I,BGR,,EMP_WAP,,PT_WAP_SUB,,_Z,,Y,,_T,,Y15T64,,_Z,,A,,2023,,70.675,,,,A,,0,,1,
DATAFLOW,OECD.SDD.TPS:DSD_LFS@DF_IALFS_EMP_WAP_Q(1.0),,I,HRV,,EMP_WAP,,PT_WAP_SUB,,_Z,,Y,,_T,,Y15T64,,_Z,,A,,2013,,52.55,,,,A,,0,,1,
DATAFLOW,OECD.SDD.TPS:DSD_LFS@DF_IALFS_EMP_WAP_Q(1.0),,I,HRV,,EMP_WAP,,PT_WAP_SUB,,_Z,,Y,,_T,,Y15T64,,_Z,,A,,2014,,54.55,,,,A,,0,,1,
DATAFLOW,OECD.SDD.TPS:DSD_LFS@DF_IALFS_EMP_WAP_Q(1.0),,I,HRV,,EMP_WAP,,PT_WAP_SUB,,_Z,,Y,,_T,,Y15T64,,_Z,,A,,2015,,55.975,,,,A,,0,,1,
DATAFLOW,OECD.SDD.TPS:DSD_LFS@DF_IALFS_EMP_WAP_Q(1.0),,I,HRV,,EMP_WAP,,PT_WAP_SUB,,_Z,,Y,,_T,,Y15T64,,_Z,,A,,2016,,56.9,,,,A,,0,,1,
DATAFLOW,OECD.SDD.TPS:DSD_LFS@DF_IALFS_EMP_WAP_Q(1.0),,I,HRV,,EMP_WAP,,PT_WAP_SUB,,_Z,,Y,,_T,,Y15T64,,_Z,,A,,2017,,58.925,,,,A,,0,,1,
DATAFLOW,OECD.SDD.TPS:DSD_LFS@DF_IALFS_EMP_WAP_Q(1.0),,I,HRV,,EMP_WAP,,PT_WAP_SUB,,_Z,,Y,,_T,,Y15T64,,_Z,,A,,2018,,60.65,,,,A,,0,,1,
DATAFLOW,OECD.SDD.TPS:DSD_LFS@DF_IALFS_EMP_WAP_Q(1.0),,I,HRV,,EMP_WAP,,PT_WAP_SUB,,_Z,,Y,,_T,,Y15T64,,_Z,,A,,2019,,62.05,,,,A,,0,,1,
DATAFLOW,OECD.SDD.TPS:DSD_LFS@DF_IALFS_EMP_WAP_Q(1.0),,I,HRV,,EMP_WAP,,PT_WAP_SUB,,_Z,,Y,,_T,,Y15T64,,_Z,,A,,2020,,62.025,,,,A,,0,,1,
DATAFLOW,OECD.SDD.TPS:DSD_LFS@DF_IALFS_EMP_WAP_Q(1.0),,I,HRV,,EMP_WAP,,PT_WAP_SUB,,_Z,,Y,,_T,,Y15T64,,_Z,,A,,2021,,63.425,,,,A,,0,,1,
DATAFLOW,OECD.SDD.TPS:DSD_LFS@DF_IALFS_EMP_WAP_Q(1.0),,I,HRV,,EMP_WAP,,PT_WAP_SUB,,_Z,,Y,,_T,,Y15T64,,_Z,,A,,2022,,64.95,,,,B,,0,,1,
DATAFLOW,OECD.SDD.TPS:DSD_LFS@DF_IALFS_EMP_WAP_Q(1.0),,I,HRV,,EMP_WAP,,PT_WAP_SUB,,_Z,,Y,,_T,,Y15T64,,_Z,,A,,2023,,65.725,,,,A,,0,,1,
DATAFLOW,OECD.SDD.TPS:DSD_LFS@DF_IALFS_EMP_WAP_Q(1.0),,I,KOR,,EMP_WAP,,PT_WAP_SUB,,_Z,,Y,,_T,,Y15T64,,_Z,,A,,2023,,69.22884,,,,A,,0,,1,
DATAFLOW,OECD.SDD.TPS:DSD_LFS@DF_IALFS_EMP_WAP_Q(1.0),,I,NLD,,EMP_WAP,,PT_WAP_SUB,,_Z,,Y,,_T,,Y15T64,,_Z,,A,,2023,,82.425,,,,A,,0,,1,
DATAFLOW,OECD.SDD.TPS:DSD_LFS@DF_IALFS_EMP_WAP_Q(1.0),,I,TUR,,EMP_WAP,,PT_WAP_SUB,,_Z,,Y,,_T,,Y15T64,,_Z,,A,,2023,,53.8,,,,A,,0,,1,
DATAFLOW,OECD.SDD.TPS:DSD_LFS@DF_IALFS_EMP_WAP_Q(1.0),,I,ISL,,EMP_WAP,,PT_WAP_SUB,,_Z,,Y,,_T,,Y15T64,,_Z,,A,,2023,,83.725,,,,A,,0,,1,
DATAFLOW,OECD.SDD.TPS:DSD_LFS@DF_IALFS_EMP_WAP_Q(1.0),,I,ESP,,EMP_WAP,,PT_WAP_SUB,,_Z,,Y,,_T,,Y15T64,,_Z,,A,,2023,,65.35,,,,A,,0,,1,
DATAFLOW,OECD.SDD.TPS:DSD_LFS@DF_IALFS_EMP_WAP_Q(1.0),,I,EA20,,EMP_WAP,,PT_WAP_SUB,,_Z,,Y,,_T,,Y15T64,,_Z,,A,,2014,,63.575,,,,A,,0,,1,
DATAFLOW,OECD.SDD.TPS:DSD_LFS@DF_IALFS_EMP_WAP_Q(1.0),,I,ITA,,EMP_WAP,,PT_WAP_SUB,,_Z,,Y,,_T,,Y15T64,,_Z,,A,,2023,,61.475,,,,A,,0,,1,
DATAFLOW,OECD.SDD.TPS:DSD_LFS@DF_IALFS_EMP_WAP_Q(1.0),,I,USA,,EMP_WAP,,PT_WAP_SUB,,_Z,,Y,,_T,,Y15T64,,_Z,,A,,2023,,71.95479,,,,A,,0,,1,
DATAFLOW,OECD.SDD.TPS:DSD_LFS@DF_IALFS_EMP_WAP_Q(1.0),,I,G7,,EMP_WAP,,PT_WAP_SUB,,_Z,,Y,,_T,,Y15T64,,_Z,,A,,2023,,72.97817,,,,E,,0,,1,
DATAFLOW,OECD.SDD.TPS:DSD_LFS@DF_IALFS_EMP_WAP_Q(1.0),,I,CZE,,EMP_WAP,,PT_WAP_SUB,,_Z,,Y,,_T,,Y15T64,,_Z,,A,,2014,,68.975,,,,A,,0,,1,
DATAFLOW,OECD.SDD.TPS:DSD_LFS@DF_IALFS_EMP_WAP_Q(1.0),,I,GRC,,EMP_WAP,,PT_WAP_SUB,,_Z,,Y,,_T,,Y15T64,,_Z,,A,,2023,,61.8,,,,A,,0,,1,
DATAFLOW,OECD.SDD.TPS:DSD_LFS@DF_IALFS_EMP_WAP_Q(1.0),,I,BEL,,EMP_WAP,,PT_WAP_SUB,,_Z,,Y,,_T,,Y15T64,,_Z,,A,,2020,,64.45,,,,A,,0,,1,
DATAFLOW,OECD.SDD.TPS:DSD_LFS@DF_IALFS_EMP_WAP_Q(1.0),,I,HUN,,EMP_WAP,,PT_WAP_SUB,,_Z,,Y,,_T,,Y15T64,,_Z,,A,,2023,,74.75,,,,A,,0,,1,
DATAFLOW,OECD.SDD.TPS:DSD_LFS@DF_IALFS_EMP_WAP_Q(1.0),,I,CAN,,EMP_WAP,,PT_WAP_SUB,,_Z,,Y,,_T,,Y15T64,,_Z,,A,,2023,,75.79166,,,,A,,0,,1,
DATAFLOW,OECD.SDD.TPS:DSD_LFS@DF_IALFS_EMP_WAP_Q(1.0),,I,JPN,,EMP_WAP,,PT_WAP_SUB,,_Z,,Y,,_T,,Y15T64,,_Z,,A,,2023,,78.94055,,,,A,,0,,1,
DATAFLOW,OECD.SDD.TPS:DSD_LFS@DF_IALFS_EMP_WAP_Q(1.0),,I,GBR,,EMP_WAP,,PT_WAP_SUB,,_Z,,Y,,_T,,Y15T64,,_Z,,A,,2023,,75.075,,,,A,,0,,1,
DATAFLOW,OECD.SDD.TPS:DSD_LFS@DF_IALFS_EMP_WAP_Q(1.0),,I,DNK,,EMP_WAP,,PT_WAP_SUB,,_Z,,Y,,_T,,Y15T64,,_Z,,A,,2023,,76.575,,,,A,,0,,1,
DATAFLOW,OECD.SDD.TPS:DSD_LFS@DF_IALFS_EMP_WAP_Q(1.0),,I,EU27_2020,,EMP_WAP,,PT_WAP_SUB,,_Z,,Y,,_T,,Y15T64,,_Z,,A,,2014,,63.225,,,,A,,0,,1,
DATAFLOW,OECD.SDD.TPS:DSD_LFS@DF_IALFS_EMP_WAP_Q(1.0),,I,PRT,,EMP_WAP,,PT_WAP_SUB,,_Z,,Y,,_T,,Y15T64,,_Z,,A,,2023,,72.375,,,,A,,0,,1,
DATAFLOW,OECD.SDD.TPS:DSD_LFS@DF_IALFS_EMP_WAP_Q(1.0),,I,AUT,,EMP_WAP,,PT_WAP_SUB,,_Z,,Y,,_T,,Y15T64,,_Z,,A,,2023,,74.1,,,,A,,0,,1,
DATAFLOW,OECD.SDD.TPS:DSD_LFS@DF_IALFS_EMP_WAP_Q(1.0),,I,CHE,,EMP_WAP,,PT_WAP_SUB,,_Z,,Y,,_T,,Y15T64,,_Z,,A,,2023,,80.65,,,,A,,0,,1,
DATAFLOW,OECD.SDD.TPS:DSD_LFS@DF_IALFS_EMP_WAP_Q(1.0),,I,NZL,,EMP_WAP,,PT_WAP_SUB,,_Z,,Y,,_T,,Y15T64,,_Z,,A,,2023,,80.09446,,,,A,,0,,1,
DATAFLOW,OECD.SDD.TPS:DSD_LFS@DF_IALFS_EMP_WAP_Q(1.0),,I,LVA,,EMP_WAP,,PT_WAP_SUB,,_Z,,Y,,_T,,Y15T64,,_Z,,A,,2012,,62.775,,,,A,,0,,1,
DATAFLOW,OECD.SDD.TPS:DSD_LFS@DF_IALFS_EMP_WAP_Q(1.0),,I,OECD,,EMP_WAP,,PT_WAP_SUB,,_Z,,Y,,_T,,Y15T64,,_Z,,A,,2023,,70.00751,,,,E,,0,,1,
DATAFLOW,OECD.SDD.TPS:DSD_LFS@DF_IALFS_EMP_WAP_Q(1.0),,I,CHL,,EMP_WAP,,PT_WAP_SUB,,_Z,,Y,,_T,,Y15T64,,_Z,,A,,2023,,62.87914,,,,A,,0,,1,
DATAFLOW,OECD.SDD.TPS:DSD_LFS@DF_IALFS_EMP_WAP_Q(1.0),,I,POL,,EMP_WAP,,PT_WAP_SUB,,_Z,,Y,,_T,,Y15T64,,_Z,,A,,2023,,72.375,,,,A,,0,,1,
DATAFLOW,OECD.SDD.TPS:DSD_LFS@DF_IALFS_EMP_WAP_Q(1.0),,I,DEU,,EMP_WAP,,PT_WAP_SUB,,_Z,,Y,,_T,,Y15T64,,_Z,,A,,2023,,77.2,,,,A,,0,,1,
DATAFLOW,OECD.SDD.TPS:DSD_LFS@DF_IALFS_EMP_WAP_Q(1.0),,I,FIN,,EMP_WAP,,PT_WAP_SUB,,_Z,,Y,,_T,,Y15T64,,_Z,,A,,2023,,74.025,,,,A,,0,,1,
DATAFLOW,OECD.SDD.TPS:DSD_LFS@DF_IALFS_EMP_WAP_Q(1.0),,I,ZAF,,EMP_WAP,,PT_WAP_SUB,,_Z,,Y,,_T,,Y15T64,,_Z,,A,,2023,,40.42961,,,,A,,0,,1,
DATAFLOW,OECD.SDD.TPS:DSD_LFS@DF_IALFS_EMP_WAP_Q(1.0),,I,LUX,,EMP_WAP,,PT_WAP_SUB,,_Z,,Y,,_T,,Y15T64,,_Z,,A,,2023,,70.275,,,,A,,0,,1,
DATAFLOW,OECD.SDD.TPS:DSD_LFS@DF_IALFS_EMP_WAP_Q(1.0),,I,NOR,,EMP_WAP,,PT_WAP_SUB,,_Z,,Y,,_T,,Y15T64,,_Z,,A,,2023,,77.4,,,,A,,0,,1,
DATAFLOW,OECD.SDD.TPS:DSD_LFS@DF_IALFS_EMP_WAP_Q(1.0),,I,ISR,,EMP_WAP,,PT_WAP_SUB,,_Z,,Y,,_T,,Y15T64,,_Z,,A,,2023,,69.775,,,,A,,0,,1,
DATAFLOW,OECD.SDD.TPS:DSD_LFS@DF_IALFS_EMP_WAP_Q(1.0),,I,EST,,EMP_WAP,,PT_WAP_SUB,,_Z,,Y,,_T,,Y15T64,,_Z,,A,,2023,,76.225,,,,A,,0,,1,
DATAFLOW,OECD.SDD.TPS:DSD_LFS@DF_IALFS_EMP_WAP_Q(1.0),,I,MEX,,EMP_WAP,,PT_WAP_SUB,,_Z,,Y,,_T,,Y15T64,,_Z,,A,,2023,,63.70166,,,,A,,0,,1,
DATAFLOW,OECD.SDD.TPS:DSD_LFS@DF_IALFS_EMP_WAP_Q(1.0),,I,SVN,,EMP_WAP,,PT_WAP_SUB,,_Z,,Y,,_T,,Y15T64,,_Z,,A,,2023,,72.5,,,,A,,0,,1,
DATAFLOW,OECD.SDD.TPS:DSD_LFS@DF_IALFS_EMP_WAP_Q(1.0),,I,CRI,,EMP_WAP,,PT_WAP_SUB,,_Z,,Y,,_T,,Y15T64,,_Z,,A,,2012,,61.81253,,,,A,,0,,1,
DATAFLOW,OECD.SDD.TPS:DSD_LFS@DF_IALFS_EMP_WAP_Q(1.0),,I,SWE,,EMP_WAP,,PT_WAP_SUB,,_Z,,Y,,_T,,Y15T64,,_Z,,A,,2012,,73.775,,,,A,,0,,1,
DATAFLOW,OECD.SDD.TPS:DSD_LFS@DF_IALFS_EMP_WAP_Q(1.0),,I,LTU,,EMP_WAP,,PT_WAP_SUB,,_Z,,Y,,_T,,Y15T64,,_Z,,A,,2012,,62.025,,,,A,,0,,1,
DATAFLOW,OECD.SDD.TPS:DSD_LFS@DF_IALFS_EMP_WAP_Q(1.0),,I,IRL,,EMP_WAP,,PT_WAP_SUB,,_Z,,Y,,_T,,Y15T64,,_Z,,A,,2012,,59.9,,,,A,,0,,1,
DATAFLOW,OECD.SDD.TPS:DSD_LFS@DF_IALFS_EMP_WAP_Q(1.0),,I,AUS,,EMP_WAP,,PT_WAP_SUB,,_Z,,Y,,_T,,Y15T64,,_Z,,A,,2012,,72.34558,,,,A,,0,,1,
DATAFLOW,OECD.SDD.TPS:DSD_LFS@DF_IALFS_EMP_WAP_Q(1.0),,I,FRA,,EMP_WAP,,PT_WAP_SUB,,_Z,,Y,,_T,,Y15T64,,_Z,,A,,2012,,64.375,,,,A,,0,,1,
DATAFLOW,OECD.SDD.TPS:DSD_LFS@DF_IALFS_EMP_WAP_Q(1.0),,I,COL,,EMP_WAP,,PT_WAP_SUB,,_Z,,Y,,_T,,Y15T64,,_Z,,A,,2014,,66.71,,,,A,,0,,1,
DATAFLOW,OECD.SDD.TPS:DSD_LFS@DF_IALFS_EMP_WAP_Q(1.0),,I,SVK,,EMP_WAP,,PT_WAP_SUB,,_Z,,Y,,_T,,Y15T64,,_Z,,A,,2012,,61.375,,,,A,,0,,1,
DATAFLOW,OECD.SDD.TPS:DSD_LFS@DF_IALFS_EMP_WAP_Q(1.0),,I,RUS,,EMP_WAP,,PT_WAP_SUB,,_Z,,Y,,_T,,Y15T64,,_Z,,A,,2016,,70.00275,,,,A,,0,,1,
DATAFLOW,OECD.SDD.TPS:DSD_LFS@DF_IALFS_EMP_WAP_Q(1.0),,I,BGR,,EMP_WAP,,PT_WAP_SUB,,_Z,,Y,,_T,,Y15T64,,_Z,,A,,2012,,58.8,,,,A,,0,,1,
DATAFLOW,OECD.SDD.TPS:DSD_LFS@DF_IALFS_EMP_WAP_Q(1.0),,I,HRV,,EMP_WAP,,PT_WAP_SUB,,_Z,,Y,,_T,,Y15T64,,_Z,,A,,2012,,53.5,,,,A,,0,,1,
