STRUCTURE,STRUCTURE_ID,STRUCTURE_NAME,ACTION,REF_AREA,,FREQ,,MEASURE,,STATISTICAL_OPERATION,,UNIT_MEASURE,,AGE,,METHODOLOGY,,DEFINITION,,POVERTY_LINE,,TIME_PERIOD,,OBS_VALUE,,OBS_STATUS,,UNIT_MULT,,CURRENCY,,DECIMALS,,PRICE_BASE,,BASE_PER,,CONF_STATUS,
DATAFLOW,OECD.WISE.INE:DSD_WISE_IDD@DF_IDD(1.0),,I,EST,,A,,INC_DISP_GINI,,_Z,,0_TO_1,,_T,,METH2012,,D_CUR,,_Z,,2021,,0.321,,A,,,,,,3,,,,,,,
DATAFLOW,OECD.WISE.INE:DSD_WISE_IDD@DF_IDD(1.0),,I,EST,,A,,INC_DISP_GINI,,_Z,,0_TO_1,,_T,,METH2012,,D_CUR,,_Z,,2020,,0.305,,A,,,,,,3,,,,,,,
DATAFLOW,OECD.WISE.INE:DSD_WISE_IDD@DF_IDD(1.0),,I,EST,,A,,INC_DISP_GINI,,_Z,,0_TO_1,,_T,,METH2012,,D_CUR,,_Z,,2019,,0.305,,A,,,,,,3,,,,,,,
DATAFLOW,OECD.WISE.INE:DSD_WISE_IDD@DF_IDD(1.0),,I,EST,,A,,INC_DISP_GINI,,_Z,,0_TO_1,,_T,,METH2012,,D_CUR,,_Z,,2018,,0.305,,A,,,,,,3,,,,,,,
DATAFLOW,OECD.WISE.INE:DSD_WISE_IDD@DF_IDD(1.0),,I,EST,,A,,INC_DISP_GINI,,_Z,,0_TO_1,,_T,,METH2012,,D_CUR,,_Z,,2017,,0.309,,A,,,,,,3,,,,,,,
DATAFLOW,OECD.WISE.INE:DSD_WISE_IDD@DF_IDD(1.0),,I,EST,,A,,INC_DISP_GINI,,_Z,,0_TO_1,,_T,,METH2012,,D_CUR,,_Z,,2016,,0.314,,A,,,,,,3,,,,,,,
DATAFLOW,OECD.WISE.INE:DSD_WISE_IDD@DF_IDD(1.0),,I,EST,,A,,INC_DISP_GINI,,_Z,,0_TO_1,,_T,,METH2012,,D_CUR,,_Z,,2015,,0.33,,A,,,,,,3,,,,,,,
DATAFLOW,OECD.WISE.INE:DSD_WISE_IDD@DF_IDD(1.0),,I,EST,,A,,INC_DISP_GINI,,_Z,,0_TO_1,,_T,,METH2012,,D_CUR,,_Z,,2014,,0.346,,A,,,,,,3,,,,,,,
DATAFLOW,OECD.WISE.INE:DSD_WISE_IDD@DF_IDD(1.0),,I,EST,,A,,INC_DISP_GINI,,_Z,,0_TO_1,,_T,,METH2012,,D_CUR,,_Z,,2013,,0.356,,A,,,,,,3,,,,,,,
DATAFLOW,OECD.WISE.INE:DSD_WISE_IDD@DF_IDD(1.0),,I,CHN,,A,,INC_DISP_GINI,,_Z,,0_TO_1,,_T,,METH2012,,D_CUR,,_Z,,2011,,0.514,,A,,,,,,3,,,,,,,
DATAFLOW,OECD.WISE.INE:DSD_WISE_IDD@DF_IDD(1.0),,I,JPN,,A,,INC_DISP_GINI,,_Z,,0_TO_1,,_T,,METH2012,,D_CUR,,_Z,,2021,,0.338,,A,,,,,,3,,,,,,,
DATAFLOW,OECD.WISE.INE:DSD_WISE_IDD@DF_IDD(1.0),,I,JPN,,A,,INC_DISP_GINI,,_Z,,0_TO_1,,_T,,METH2012,,D_CUR,,_Z,,2018,,0.334,,A,,,,,,3,,,,,,,
DATAFLOW,OECD.WISE.INE:DSD_WISE_IDD@DF_IDD(1.0),,I,NZL,,A,,INC_DISP_GINI,,_Z,,0_TO_1,,_T,,METH2012,,D_CUR,,_Z,,2016,,0.333,,A,,,,,,3,,,,,,,
DATAFLOW,OECD.WISE.INE:DSD_WISE_IDD@DF_IDD(1.0),,I,NZL,,A,,INC_DISP_GINI,,_Z,,0_TO_1,,_T,,METH2012,,D_CUR,,_Z,,2015,,0.325,,A,,,,,,3,,,,,,,
DATAFLOW,OECD.WISE.INE:DSD_WISE_IDD@DF_IDD(1.0),,I,NZL,,A,,INC_DISP_GINI,,_Z,,0_TO_1,,_T,,METH2012,,D_CUR,,_Z,,2014,,0.341,,A,,,,,,3,,,,,,,
DATAFLOW,OECD.WISE.INE:DSD_WISE_IDD@DF_IDD(1.0),,I,NZL,,A,,INC_DISP_GINI,,_Z,,0_TO_1,,_T,,METH2012,,D_CUR,,_Z,,2013,,0.341,,A,,,,,,3,,,,,,,
DATAFLOW,OECD.WISE.INE:DSD_WISE_IDD@DF_IDD(1.0),,I,NZL,,A,,INC_DISP_GINI,,_Z,,0_TO_1,,_T,,METH2012,,D_CUR,,_Z,,2012,,0.335,,A,,,,,,3,,,,,,,
DATAFLOW,OECD.WISE.INE:DSD_WISE_IDD@DF_IDD(1.0),,I,NZL,,A,,INC_DISP_GINI,,_Z,,0_TO_1,,_T,,METH2012,,D_CUR,,_Z,,2011,,0.329,,A,,,,,,3,,,,,,,
DATAFLOW,OECD.WISE.INE:DSD_WISE_IDD@DF_IDD(1.0),,I,NZL,,A,,INC_DISP_GINI,,_Z,,0_TO_1,,_T,,METH2012,,D_CUR,,_Z,,2010,,0.335,,A,,,,,,3,,,,,,,
DATAFLOW,OECD.WISE.INE:DSD_WISE_IDD@DF_IDD(1.0),,I,NZL,,A,,INC_DISP_GINI,,_Z,,0_TO_1,,_T,,METH2012,,D_CUR,,_Z,,2020,,0.32,,A,,,,,,3,,,,,,,
DATAFLOW,OECD.WISE.INE:DSD_WISE_IDD@DF_IDD(1.0),,I,NZL,,A,,INC_DISP_GINI,,_Z,,0_TO_1,,_T,,METH2012,,D_CUR,,_Z,,2019,,0.326,,A,,,,,,3,,,,,,,
DATAFLOW,OECD.WISE.INE:DSD_WISE_IDD@DF_IDD(1.0),,I,NZL,,A,,INC_DISP_GINI,,_Z,,0_TO_1,,_T,,METH2012,,D_CUR,,_Z,,2018,,0.33,,A,,,,,,3,,,,,,,
DATAFLOW,OECD.WISE.INE:DSD_WISE_IDD@DF_IDD(1.0),,I,NZL,,A,,INC_DISP_GINI,,_Z,,0_TO_1,,_T,,METH2012,,D_CUR,,_Z,,2017,,0.335,,A,,,,,,3,,,,,,,
DATAFLOW,OECD.WISE.INE:DSD_WISE_IDD@DF_IDD(1.0),,I,POL,,A,,INC_DISP_GINI,,_Z,,0_TO_1,,_T,,METH2012,,D_CUR,,_Z,,2021,,0.261,,A,,,,,,3,,,,,,,
DATAFLOW,OECD.WISE.INE:DSD_WISE_IDD@DF_IDD(1.0),,I,POL,,A,,INC_DISP_GINI,,_Z,,0_TO_1,,_T,,METH2012,,D_CUR,,_Z,,2020,,0.265,,A,,,,,,3,,,,,,,
DATAFLOW,OECD.WISE.INE:DSD_WISE_IDD@DF_IDD(1.0),,I,POL,,A,,INC_DISP_GINI,,_Z,,0_TO_1,,_T,,METH2012,,D_CUR,,_Z,,2018,,0.281,,A,,,,,,3,,,,,,,
DATAFLOW,OECD.WISE.INE:DSD_WISE_IDD@DF_IDD(1.0),,I,POL,,A,,INC_DISP_GINI,,_Z,,0_TO_1,,_T,,METH2012,,D_CUR,,_Z,,2017,,0.275,,A,,,,,,3,,,,,,,
DATAFLOW,OECD.WISE.INE:DSD_WISE_IDD@DF_IDD(1.0),,I,POL,,A,,INC_DISP_GINI,,_Z,,0_TO_1,,_T,,METH2012,,D_CUR,,_Z,,2016,,0.285,,A,,,,,,3,,,,,,,
DATAFLOW,OECD.WISE.INE:DSD_WISE_IDD@DF_IDD(1.0),,I,POL,,A,,INC_DISP_GINI,,_Z,,0_TO_1,,_T,,METH2012,,D_CUR,,_Z,,2015,,0.291,,A,,,,,,3,,,,,,,
DATAFLOW,OECD.WISE.INE:DSD_WISE_IDD@DF_IDD(1.0),,I,POL,,A,,INC_DISP_GINI,,_Z,,0_TO_1,,_T,,METH2012,,D_CUR,,_Z,,2014,,0.297,,A,,,,,,3,,,,,,,
DATAFLOW,OECD.WISE.INE:DSD_WISE_IDD@DF_IDD(1.0),,I,POL,,A,,INC_DISP_GINI,,_Z,,0_TO_1,,_T,,METH2012,,D_CUR,,_Z,,2013,,0.299,,A,,,,,,3,,,,,,,
DATAFLOW,OECD.WISE.INE:DSD_WISE_IDD@DF_IDD(1.0),,I,POL,,A,,INC_DISP_GINI,,_Z,,0_TO_1,,_T,,METH2012,,D_CUR,,_Z,,2019,,0.268,,A,,,,,,3,,,,,,,
DATAFLOW,OECD.WISE.INE:DSD_WISE_IDD@DF_IDD(1.0),,I,POL,,A,,INC_DISP_GINI,,_Z,,0_TO_1,,_T,,METH2012,,D_CUR,,_Z,,2012,,0.298,,A,,,,,,3,,,,,,,
DATAFLOW,OECD.WISE.INE:DSD_WISE_IDD@DF_IDD(1.0),,I,POL,,A,,INC_DISP_GINI,,_Z,,0_TO_1,,_T,,METH2012,,D_CUR,,_Z,,2011,,0.301,,A,,,,,,3,,,,,,,
DATAFLOW,OECD.WISE.INE:DSD_WISE_IDD@DF_IDD(1.0),,I,POL,,A,,INC_DISP_GINI,,_Z,,0_TO_1,,_T,,METH2012,,D_CUR,,_Z,,2010,,0.304,,A,,,,,,3,,,,,,,
DATAFLOW,OECD.WISE.INE:DSD_WISE_IDD@DF_IDD(1.0),,I,ITA,,A,,INC_DISP_GINI,,_Z,,0_TO_1,,_T,,METH2012,,D_CUR,,_Z,,2015,,0.333,,A,,,,,,3,,,,,,,
DATAFLOW,OECD.WISE.INE:DSD_WISE_IDD@DF_IDD(1.0),,I,ITA,,A,,INC_DISP_GINI,,_Z,,0_TO_1,,_T,,METH2012,,D_CUR,,_Z,,2014,,0.326,,A,,,,,,3,,,,,,,
DATAFLOW,OECD.WISE.INE:DSD_WISE_IDD@DF_IDD(1.0),,I,ITA,,A,,INC_DISP_GINI,,_Z,,0_TO_1,,_T,,METH2012,,D_CUR,,_Z,,2013,,0.325,,A,,,,,,3,,,,,,,
DATAFLOW,OECD.WISE.INE:DSD_WISE_IDD@DF_IDD(1.0),,I,ITA,,A,,INC_DISP_GINI,,_Z,,0_TO_1,,_T,,METH2012,,D_CUR,,_Z,,2012,,0.33,,A,,,,,,3,,,,,,,
DATAFLOW,OECD.WISE.INE:DSD_WISE_IDD@DF_IDD(1.0),,I,ITA,,A,,INC_DISP_GINI,,_Z,,0_TO_1,,_T,,METH2012,,D_CUR,,_Z,,2011,,0.327,,A,,,,,,3,,,,,,,
DATAFLOW,OECD.WISE.INE:DSD_WISE_IDD@DF_IDD(1.0),,I,ITA,,A,,INC_DISP_GINI,,_Z,,0_TO_1,,_T,,METH2012,,D_CUR,,_Z,,2010,,0.327,,A,,,,,,3,,,,,,,
DATAFLOW,OECD.WISE.INE:DSD_WISE_IDD@DF_IDD(1.0),,I,ITA,,A,,INC_DISP_GINI,,_Z,,0_TO_1,,_T,,METH2012,,D_CUR,,_Z,,2021,,0.33,,A,,,,,,3,,,,,,,
DATAFLOW,OECD.WISE.INE:DSD_WISE_IDD@DF_IDD(1.0),,I,ITA,,A,,INC_DISP_GINI,,_Z,,0_TO_1,,_T,,METH2012,,D_CUR,,_Z,,2020,,0.331,,A,,,,,,3,,,,,,,
DATAFLOW,OECD.WISE.INE:DSD_WISE_IDD@DF_IDD(1.0),,I,ITA,,A,,INC_DISP_GINI,,_Z,,0_TO_1,,_T,,METH2012,,D_CUR,,_Z,,2019,,0.325,,A,,,,,,3,,,,,,,
DATAFLOW,OECD.WISE.INE:DSD_WISE_IDD@DF_IDD(1.0),,I,ITA,,A,,INC_DISP_GINI,,_Z,,0_TO_1,,_T,,METH2012,,D_CUR,,_Z,,2018,,0.33,,A,,,,,,3,,,,,,,
DATAFLOW,OECD.WISE.INE:DSD_WISE_IDD@DF_IDD(1.0),,I,ITA,,A,,INC_DISP_GINI,,_Z,,0_TO_1,,_T,,METH2012,,D_CUR,,_Z,,2017,,0.334,,A,,,,,,3,,,,,,,
DATAFLOW,OECD.WISE.INE:DSD_WISE_IDD@DF_IDD(1.0),,I,ITA,,A,,INC_DISP_GINI,,_Z,,0_TO_1,,_T,,METH2012,,D_CUR,,_Z,,2016,,0.327,,A,,,,,,3,,,,,,,
DATAFLOW,OECD.WISE.INE:DSD_WISE_IDD@DF_IDD(1.0),,I,NOR,,A,,INC_DISP_GINI,,_Z,,0_TO_1,,_T,,METH2012,,D_CUR,,_Z,,2014,,0.257,,A,,,,,,3,,,,,,,
DATAFLOW,OECD.WISE.INE:DSD_WISE_IDD@DF_IDD(1.0),,I,NOR,,A,,INC_DISP_GINI,,_Z,,0_TO_1,,_T,,METH2012,,D_CUR,,_Z,,2013,,0.252,,A,,,,,,3,,,,,,,
DATAFLOW,OECD.WISE.INE:DSD_WISE_IDD@DF_IDD(1.0),,I,NOR,,A,,INC_DISP_GINI,,_Z,,0_TO_1,,_T,,METH2012,,D_CUR,,_Z,,2012,,0.253,,A,,,,,,3,,,,,,,
DATAFLOW,OECD.WISE.INE:DSD_WISE_IDD@DF_IDD(1.0),,I,CRI,,A,,INC_DISP_GINI,,_Z,,0_TO_1,,_T,,METH2012,,D_CUR,,_Z,,2010,,0.472,,A,,,,,,3,,,,,,,
DATAFLOW,OECD.WISE.INE:DSD_WISE_IDD@DF_IDD(1.0),,I,CRI,,A,,INC_DISP_GINI,,_Z,,0_TO_1,,_T,,METH2012,,D_CUR,,_Z,,2023,,0.47,,A,,,,,,3,,,,,,,
DATAFLOW,OECD.WISE.INE:DSD_WISE_IDD@DF_IDD(1.0),,I,CRI,,A,,INC_DISP_GINI,,_Z,,0_TO_1,,_T,,METH2012,,D_CUR,,_Z,,2022,,0.472,,A,,,,,,3,,,,,,,
DATAFLOW,OECD.WISE.INE:DSD_WISE_IDD@DF_IDD(1.0),,I,CRI,,A,,INC_DISP_GINI,,_Z,,0_TO_1,,_T,,METH2012,,D_CUR,,_Z,,2021,,0.487,,A,,,,,,3,,,,,,,
DATAFLOW,OECD.WISE.INE:DSD_WISE_IDD@DF_IDD(1.0),,I,CRI,,A,,INC_DISP_GINI,,_Z,,0_TO_1,,_T,,METH2012,,D_CUR,,_Z,,2020,,0.497,,A,,,,,,3,,,,,,,
DATAFLOW,OECD.WISE.INE:DSD_WISE_IDD@DF_IDD(1.0),,I,CRI,,A,,INC_DISP_GINI,,_Z,,0_TO_1,,_T,,METH2012,,D_CUR,,_Z,,2019,,0.478,,A,,,,,,3,,,,,,,
DATAFLOW,OECD.WISE.INE:DSD_WISE_IDD@DF_IDD(1.0),,I,CRI,,A,,INC_DISP_GINI,,_Z,,0_TO_1,,_T,,METH2012,,D_CUR,,_Z,,2018,,0.479,,A,,,,,,3,,,,,,,
DATAFLOW,OECD.WISE.INE:DSD_WISE_IDD@DF_IDD(1.0),,I,CRI,,A,,INC_DISP_GINI,,_Z,,0_TO_1,,_T,,METH2012,,D_CUR,,_Z,,2017,,0.48,,A,,,,,,3,,,,,,,
DATAFLOW,OECD.WISE.INE:DSD_WISE_IDD@DF_IDD(1.0),,I,CRI,,A,,INC_DISP_GINI,,_Z,,0_TO_1,,_T,,METH2012,,D_CUR,,_Z,,2016,,0.484,,A,,,,,,3,,,,,,,
DATAFLOW,OECD.WISE.INE:DSD_WISE_IDD@DF_IDD(1.0),,I,CRI,,A,,INC_DISP_GINI,,_Z,,0_TO_1,,_T,,METH2012,,D_CUR,,_Z,,2015,,0.479,,A,,,,,,3,,,,,,,
DATAFLOW,OECD.WISE.INE:DSD_WISE_IDD@DF_IDD(1.0),,I,CRI,,A,,INC_DISP_GINI,,_Z,,0_TO_1,,_T,,METH2012,,D_CUR,,_Z,,2014,,0.485,,A,,,,,,3,,,,,,,
DATAFLOW,OECD.WISE.INE:DSD_WISE_IDD@DF_IDD(1.0),,I,CRI,,A,,INC_DISP_GINI,,_Z,,0_TO_1,,_T,,METH2012,,D_CUR,,_Z,,2013,,0.494,,A,,,,,,3,,,,,,,
DATAFLOW,OECD.WISE.INE:DSD_WISE_IDD@DF_IDD(1.0),,I,NOR,,A,,INC_DISP_GINI,,_Z,,0_TO_1,,_T,,METH2012,,D_CUR,,_Z,,2011,,0.25,,A,,,,,,3,,,,,,,
DATAFLOW,OECD.WISE.INE:DSD_WISE_IDD@DF_IDD(1.0),,I,CRI,,A,,INC_DISP_GINI,,_Z,,0_TO_1,,_T,,METH2012,,D_CUR,,_Z,,2012,,0.483,,A,,,,,,3,,,,,,,
DATAFLOW,OECD.WISE.INE:DSD_WISE_IDD@DF_IDD(1.0),,I,CRI,,A,,INC_DISP_GINI,,_Z,,0_TO_1,,_T,,METH2012,,D_CUR,,_Z,,2011,,0.48,,A,,,,,,3,,,,,,,
DATAFLOW,OECD.WISE.INE:DSD_WISE_IDD@DF_IDD(1.0),,I,NOR,,A,,INC_DISP_GINI,,_Z,,0_TO_1,,_T,,METH2012,,D_CUR,,_Z,,2010,,0.249,,A,,,,,,3,,,,,,,
DATAFLOW,OECD.WISE.INE:DSD_WISE_IDD@DF_IDD(1.0),,I,NOR,,A,,INC_DISP_GINI,,_Z,,0_TO_1,,_T,,METH2012,,D_CUR,,_Z,,2022,,0.262,,A,,,,,,3,,,,,,,
DATAFLOW,OECD.WISE.INE:DSD_WISE_IDD@DF_IDD(1.0),,I,NOR,,A,,INC_DISP_GINI,,_Z,,0_TO_1,,_T,,METH2012,,D_CUR,,_Z,,2021,,0.285,,A,,,,,,3,,,,,,,
DATAFLOW,OECD.WISE.INE:DSD_WISE_IDD@DF_IDD(1.0),,I,NOR,,A,,INC_DISP_GINI,,_Z,,0_TO_1,,_T,,METH2012,,D_CUR,,_Z,,2020,,0.263,,A,,,,,,3,,,,,,,
DATAFLOW,OECD.WISE.INE:DSD_WISE_IDD@DF_IDD(1.0),,I,NOR,,A,,INC_DISP_GINI,,_Z,,0_TO_1,,_T,,METH2012,,D_CUR,,_Z,,2019,,0.261,,A,,,,,,3,,,,,,,
DATAFLOW,OECD.WISE.INE:DSD_WISE_IDD@DF_IDD(1.0),,I,NOR,,A,,INC_DISP_GINI,,_Z,,0_TO_1,,_T,,METH2012,,D_CUR,,_Z,,2018,,0.262,,A,,,,,,3,,,,,,,
DATAFLOW,OECD.WISE.INE:DSD_WISE_IDD@DF_IDD(1.0),,I,NOR,,A,,INC_DISP_GINI,,_Z,,0_TO_1,,_T,,METH2012,,D_CUR,,_Z,,2017,,0.262,,A,,,,,,3,,,,,,,
DATAFLOW,OECD.WISE.INE:DSD_WISE_IDD@DF_IDD(1.0),,I,NOR,,A,,INC_DISP_GINI,,_Z,,0_TO_1,,_T,,METH2012,,D_CUR,,_Z,,2016,,0.262,,A,,,,,,3,,,,,,,
DATAFLOW,OECD.WISE.INE:DSD_WISE_IDD@DF_IDD(1.0),,I,NOR,,A,,INC_DISP_GINI,,_Z,,0_TO_1,,_T,,METH2012,,D_CUR,,_Z,,2015,,0.272,,A,,,,,,3,,,,,,,
DATAFLOW,OECD.WISE.INE:DSD_WISE_IDD@DF_IDD(1.0),,I,LVA,,A,,INC_DISP_GINI,,_Z,,0_TO_1,,_T,,METH2012,,D_CUR,,_Z,,2014,,0.349,,A,,,,,,3,,,,,,,
DATAFLOW,OECD.WISE.INE:DSD_WISE_IDD@DF_IDD(1.0),,I,LVA,,A,,INC_DISP_GINI,,_Z,,0_TO_1,,_T,,METH2012,,D_CUR,,_Z,,2013,,0.351,,A,,,,,,3,,,,,,,
DATAFLOW,OECD.WISE.INE:DSD_WISE_IDD@DF_IDD(1.0),,I,LVA,,A,,INC_DISP_GINI,,_Z,,0_TO_1,,_T,,METH2012,,D_CUR,,_Z,,2012,,0.346,,A,,,,,,3,,,,,,,
DATAFLOW,OECD.WISE.INE:DSD_WISE_IDD@DF_IDD(1.0),,I,ZAF,,A,,INC_DISP_GINI,,_Z,,0_TO_1,,_T,,METH2012,,D_CUR,,_Z,,2017,,0.618,,A,,,,,,3,,,,,,,
DATAFLOW,OECD.WISE.INE:DSD_WISE_IDD@DF_IDD(1.0),,I,ZAF,,A,,INC_DISP_GINI,,_Z,,0_TO_1,,_T,,METH2012,,D_CUR,,_Z,,2015,,0.626,,A,,,,,,3,,,,,,,
DATAFLOW,OECD.WISE.INE:DSD_WISE_IDD@DF_IDD(1.0),,I,LVA,,A,,INC_DISP_GINI,,_Z,,0_TO_1,,_T,,METH2012,,D_CUR,,_Z,,2011,,0.351,,A,,,,,,3,,,,,,,
DATAFLOW,OECD.WISE.INE:DSD_WISE_IDD@DF_IDD(1.0),,I,LVA,,A,,INC_DISP_GINI,,_Z,,0_TO_1,,_T,,METH2012,,D_CUR,,_Z,,2010,,0.346,,A,,,,,,3,,,,,,,
DATAFLOW,OECD.WISE.INE:DSD_WISE_IDD@DF_IDD(1.0),,I,LVA,,A,,INC_DISP_GINI,,_Z,,0_TO_1,,_T,,METH2012,,D_CUR,,_Z,,2022,,0.343,,P,,,,,,3,,,,,,,
DATAFLOW,OECD.WISE.INE:DSD_WISE_IDD@DF_IDD(1.0),,I,LVA,,A,,INC_DISP_GINI,,_Z,,0_TO_1,,_T,,METH2012,,D_CUR,,_Z,,2021,,0.343,,A,,,,,,3,,,,,,,
DATAFLOW,OECD.WISE.INE:DSD_WISE_IDD@DF_IDD(1.0),,I,LVA,,A,,INC_DISP_GINI,,_Z,,0_TO_1,,_T,,METH2012,,D_CUR,,_Z,,2020,,0.355,,A,,,,,,3,,,,,,,
DATAFLOW,OECD.WISE.INE:DSD_WISE_IDD@DF_IDD(1.0),,I,LVA,,A,,INC_DISP_GINI,,_Z,,0_TO_1,,_T,,METH2012,,D_CUR,,_Z,,2019,,0.344,,A,,,,,,3,,,,,,,
DATAFLOW,OECD.WISE.INE:DSD_WISE_IDD@DF_IDD(1.0),,I,LVA,,A,,INC_DISP_GINI,,_Z,,0_TO_1,,_T,,METH2012,,D_CUR,,_Z,,2018,,0.351,,A,,,,,,3,,,,,,,
DATAFLOW,OECD.WISE.INE:DSD_WISE_IDD@DF_IDD(1.0),,I,LVA,,A,,INC_DISP_GINI,,_Z,,0_TO_1,,_T,,METH2012,,D_CUR,,_Z,,2017,,0.355,,A,,,,,,3,,,,,,,
DATAFLOW,OECD.WISE.INE:DSD_WISE_IDD@DF_IDD(1.0),,I,LVA,,A,,INC_DISP_GINI,,_Z,,0_TO_1,,_T,,METH2012,,D_CUR,,_Z,,2016,,0.346,,A,,,,,,3,,,,,,,
DATAFLOW,OECD.WISE.INE:DSD_WISE_IDD@DF_IDD(1.0),,I,LVA,,A,,INC_DISP_GINI,,_Z,,0_TO_1,,_T,,METH2012,,D_CUR,,_Z,,2015,,0.346,,A,,,,,,3,,,,,,,
DATAFLOW,OECD.WISE.INE:DSD_WISE_IDD@DF_IDD(1.0),,I,DEU,,A,,INC_DISP_GINI,,_Z,,0_TO_1,,_T,,METH2012,,D_CUR,,_Z,,2018,,0.289,,A,,,,,,3,,,,,,,
DATAFLOW,OECD.WISE.INE:DSD_WISE_IDD@DF_IDD(1.0),,I,DEU,,A,,INC_DISP_GINI,,_Z,,0_TO_1,,_T,,METH2012,,D_CUR,,_Z,,2017,,0.289,,A,,,,,,3,,,,,,,
DATAFLOW,OECD.WISE.INE:DSD_WISE_IDD@DF_IDD(1.0),,I,DEU,,A,,INC_DISP_GINI,,_Z,,0_TO_1,,_T,,METH2012,,D_CUR,,_Z,,2016,,0.294,,A,,,,,,3,,,,,,,
DATAFLOW,OECD.WISE.INE:DSD_WISE_IDD@DF_IDD(1.0),,I,DEU,,A,,INC_DISP_GINI,,_Z,,0_TO_1,,_T,,METH2012,,D_CUR,,_Z,,2015,,0.293,,A,,,,,,3,,,,,,,
DATAFLOW,OECD.WISE.INE:DSD_WISE_IDD@DF_IDD(1.0),,I,DEU,,A,,INC_DISP_GINI,,_Z,,0_TO_1,,_T,,METH2012,,D_CUR,,_Z,,2014,,0.289,,A,,,,,,3,,,,,,,
DATAFLOW,OECD.WISE.INE:DSD_WISE_IDD@DF_IDD(1.0),,I,DEU,,A,,INC_DISP_GINI,,_Z,,0_TO_1,,_T,,METH2012,,D_CUR,,_Z,,2013,,0.292,,A,,,,,,3,,,,,,,
DATAFLOW,OECD.WISE.INE:DSD_WISE_IDD@DF_IDD(1.0),,I,DEU,,A,,INC_DISP_GINI,,_Z,,0_TO_1,,_T,,METH2012,,D_CUR,,_Z,,2012,,0.289,,A,,,,,,3,,,,,,,
DATAFLOW,OECD.WISE.INE:DSD_WISE_IDD@DF_IDD(1.0),,I,DEU,,A,,INC_DISP_GINI,,_Z,,0_TO_1,,_T,,METH2012,,D_CUR,,_Z,,2011,,0.291,,A,,,,,,3,,,,,,,
DATAFLOW,OECD.WISE.INE:DSD_WISE_IDD@DF_IDD(1.0),,I,DEU,,A,,INC_DISP_GINI,,_Z,,0_TO_1,,_T,,METH2012,,D_CUR,,_Z,,2020,,0.303,,A,,,,,,3,,,,,,,
DATAFLOW,OECD.WISE.INE:DSD_WISE_IDD@DF_IDD(1.0),,I,DEU,,A,,INC_DISP_GINI,,_Z,,0_TO_1,,_T,,METH2012,,D_CUR,,_Z,,2019,,0.296,,A,,,,,,3,,,,,,,
DATAFLOW,OECD.WISE.INE:DSD_WISE_IDD@DF_IDD(1.0),,I,HRV,,A,,INC_DISP_GINI,,_Z,,0_TO_1,,_T,,METH2012,,D_CUR,,_Z,,2015,,0.294,,A,,,,,,3,,,,,,,
DATAFLOW,OECD.WISE.INE:DSD_WISE_IDD@DF_IDD(1.0),,I,HRV,,A,,INC_DISP_GINI,,_Z,,0_TO_1,,_T,,METH2012,,D_CUR,,_Z,,2014,,0.299,,A,,,,,,3,,,,,,,
DATAFLOW,OECD.WISE.INE:DSD_WISE_IDD@DF_IDD(1.0),,I,HRV,,A,,INC_DISP_GINI,,_Z,,0_TO_1,,_T,,METH2012,,D_CUR,,_Z,,2013,,0.296,,A,,,,,,3,,,,,,,
DATAFLOW,OECD.WISE.INE:DSD_WISE_IDD@DF_IDD(1.0),,I,HRV,,A,,INC_DISP_GINI,,_Z,,0_TO_1,,_T,,METH2012,,D_CUR,,_Z,,2012,,0.303,,A,,,,,,3,,,,,,,
DATAFLOW,OECD.WISE.INE:DSD_WISE_IDD@DF_IDD(1.0),,I,HRV,,A,,INC_DISP_GINI,,_Z,,0_TO_1,,_T,,METH2012,,D_CUR,,_Z,,2011,,0.304,,A,,,,,,3,,,,,,,
DATAFLOW,OECD.WISE.INE:DSD_WISE_IDD@DF_IDD(1.0),,I,HRV,,A,,INC_DISP_GINI,,_Z,,0_TO_1,,_T,,METH2012,,D_CUR,,_Z,,2010,,0.307,,A,,,,,,3,,,,,,,
DATAFLOW,OECD.WISE.INE:DSD_WISE_IDD@DF_IDD(1.0),,I,HRV,,A,,INC_DISP_GINI,,_Z,,0_TO_1,,_T,,METH2012,,D_CUR,,_Z,,2021,,0.288,,A,,,,,,3,,,,,,,
DATAFLOW,OECD.WISE.INE:DSD_WISE_IDD@DF_IDD(1.0),,I,HRV,,A,,INC_DISP_GINI,,_Z,,0_TO_1,,_T,,METH2012,,D_CUR,,_Z,,2020,,0.291,,A,,,,,,3,,,,,,,
DATAFLOW,OECD.WISE.INE:DSD_WISE_IDD@DF_IDD(1.0),,I,HRV,,A,,INC_DISP_GINI,,_Z,,0_TO_1,,_T,,METH2012,,D_CUR,,_Z,,2019,,0.284,,A,,,,,,3,,,,,,,
DATAFLOW,OECD.WISE.INE:DSD_WISE_IDD@DF_IDD(1.0),,I,HRV,,A,,INC_DISP_GINI,,_Z,,0_TO_1,,_T,,METH2012,,D_CUR,,_Z,,2018,,0.293,,A,,,,,,3,,,,,,,
DATAFLOW,OECD.WISE.INE:DSD_WISE_IDD@DF_IDD(1.0),,I,HRV,,A,,INC_DISP_GINI,,_Z,,0_TO_1,,_T,,METH2012,,D_CUR,,_Z,,2017,,0.297,,A,,,,,,3,,,,,,,
DATAFLOW,OECD.WISE.INE:DSD_WISE_IDD@DF_IDD(1.0),,I,HRV,,A,,INC_DISP_GINI,,_Z,,0_TO_1,,_T,,METH2012,,D_CUR,,_Z,,2016,,0.298,,A,,,,,,3,,,,,,,
DATAFLOW,OECD.WISE.INE:DSD_WISE_IDD@DF_IDD(1.0),,I,IND,,A,,INC_DISP_GINI,,_Z,,0_TO_1,,_T,,METH2012,,D_CUR,,_Z,,2011,,0.495,,A,,,,,,3,,,,,,,
DATAFLOW,OECD.WISE.INE:DSD_WISE_IDD@DF_IDD(1.0),,I,HUN,,A,,INC_DISP_GINI,,_Z,,0_TO_1,,_T,,METH2012,,D_CUR,,_Z,,2021,,0.278,,A,,,,,,3,,,,,,,
DATAFLOW,OECD.WISE.INE:DSD_WISE_IDD@DF_IDD(1.0),,I,HUN,,A,,INC_DISP_GINI,,_Z,,0_TO_1,,_T,,METH2012,,D_CUR,,_Z,,2020,,0.28,,A,,,,,,3,,,,,,,
DATAFLOW,OECD.WISE.INE:DSD_WISE_IDD@DF_IDD(1.0),,I,HUN,,A,,INC_DISP_GINI,,_Z,,0_TO_1,,_T,,METH2012,,D_CUR,,_Z,,2018,,0.28,,A,,,,,,3,,,,,,,
DATAFLOW,OECD.WISE.INE:DSD_WISE_IDD@DF_IDD(1.0),,I,HUN,,A,,INC_DISP_GINI,,_Z,,0_TO_1,,_T,,METH2012,,D_CUR,,_Z,,2017,,0.289,,A,,,,,,3,,,,,,,
DATAFLOW,OECD.WISE.INE:DSD_WISE_IDD@DF_IDD(1.0),,I,HUN,,A,,INC_DISP_GINI,,_Z,,0_TO_1,,_T,,METH2012,,D_CUR,,_Z,,2016,,0.28,,A,,,,,,3,,,,,,,
DATAFLOW,OECD.WISE.INE:DSD_WISE_IDD@DF_IDD(1.0),,I,HUN,,A,,INC_DISP_GINI,,_Z,,0_TO_1,,_T,,METH2012,,D_CUR,,_Z,,2015,,0.284,,A,,,,,,3,,,,,,,
DATAFLOW,OECD.WISE.INE:DSD_WISE_IDD@DF_IDD(1.0),,I,HUN,,A,,INC_DISP_GINI,,_Z,,0_TO_1,,_T,,METH2012,,D_CUR,,_Z,,2014,,0.281,,A,,,,,,3,,,,,,,
DATAFLOW,OECD.WISE.INE:DSD_WISE_IDD@DF_IDD(1.0),,I,HUN,,A,,INC_DISP_GINI,,_Z,,0_TO_1,,_T,,METH2012,,D_CUR,,_Z,,2013,,0.286,,A,,,,,,3,,,,,,,
DATAFLOW,OECD.WISE.INE:DSD_WISE_IDD@DF_IDD(1.0),,I,HUN,,A,,INC_DISP_GINI,,_Z,,0_TO_1,,_T,,METH2012,,D_CUR,,_Z,,2019,,0.286,,A,,,,,,3,,,,,,,
DATAFLOW,OECD.WISE.INE:DSD_WISE_IDD@DF_IDD(1.0),,I,HUN,,A,,INC_DISP_GINI,,_Z,,0_TO_1,,_T,,METH2012,,D_CUR,,_Z,,2012,,0.279,,A,,,,,,3,,,,,,,
DATAFLOW,OECD.WISE.INE:DSD_WISE_IDD@DF_IDD(1.0),,I,HUN,,A,,INC_DISP_GINI,,_Z,,0_TO_1,,_T,,METH2012,,D_CUR,,_Z,,2011,,0.269,,A,,,,,,3,,,,,,,
DATAFLOW,OECD.WISE.INE:DSD_WISE_IDD@DF_IDD(1.0),,I,HUN,,A,,INC_DISP_GINI,,_Z,,0_TO_1,,_T,,METH2012,,D_CUR,,_Z,,2010,,0.266,,A,,,,,,3,,,,,,,
DATAFLOW,OECD.WISE.INE:DSD_WISE_IDD@DF_IDD(1.0),,I,ISL,,A,,INC_DISP_GINI,,_Z,,0_TO_1,,_T,,METH2012,,D_CUR,,_Z,,2011,,0.252,,A,,,,,,3,,,,,,,
DATAFLOW,OECD.WISE.INE:DSD_WISE_IDD@DF_IDD(1.0),,I,ISL,,A,,INC_DISP_GINI,,_Z,,0_TO_1,,_T,,METH2012,,D_CUR,,_Z,,2010,,0.248,,A,,,,,,3,,,,,,,
DATAFLOW,OECD.WISE.INE:DSD_WISE_IDD@DF_IDD(1.0),,I,ISL,,A,,INC_DISP_GINI,,_Z,,0_TO_1,,_T,,METH2012,,D_CUR,,_Z,,2017,,0.25,,A,,,,,,3,,,,,,,
DATAFLOW,OECD.WISE.INE:DSD_WISE_IDD@DF_IDD(1.0),,I,ISL,,A,,INC_DISP_GINI,,_Z,,0_TO_1,,_T,,METH2012,,D_CUR,,_Z,,2016,,0.264,,A,,,,,,3,,,,,,,
DATAFLOW,OECD.WISE.INE:DSD_WISE_IDD@DF_IDD(1.0),,I,ISL,,A,,INC_DISP_GINI,,_Z,,0_TO_1,,_T,,METH2012,,D_CUR,,_Z,,2015,,0.257,,A,,,,,,3,,,,,,,
DATAFLOW,OECD.WISE.INE:DSD_WISE_IDD@DF_IDD(1.0),,I,ISL,,A,,INC_DISP_GINI,,_Z,,0_TO_1,,_T,,METH2012,,D_CUR,,_Z,,2014,,0.246,,A,,,,,,3,,,,,,,
DATAFLOW,OECD.WISE.INE:DSD_WISE_IDD@DF_IDD(1.0),,I,ISL,,A,,INC_DISP_GINI,,_Z,,0_TO_1,,_T,,METH2012,,D_CUR,,_Z,,2013,,0.24,,A,,,,,,3,,,,,,,
DATAFLOW,OECD.WISE.INE:DSD_WISE_IDD@DF_IDD(1.0),,I,ISL,,A,,INC_DISP_GINI,,_Z,,0_TO_1,,_T,,METH2012,,D_CUR,,_Z,,2012,,0.252,,A,,,,,,3,,,,,,,
DATAFLOW,OECD.WISE.INE:DSD_WISE_IDD@DF_IDD(1.0),,I,TUR,,A,,INC_DISP_GINI,,_Z,,0_TO_1,,_T,,METH2012,,D_CUR,,_Z,,2019,,0.415,,A,,,,,,3,,,,,,,
DATAFLOW,OECD.WISE.INE:DSD_WISE_IDD@DF_IDD(1.0),,I,TUR,,A,,INC_DISP_GINI,,_Z,,0_TO_1,,_T,,METH2012,,D_CUR,,_Z,,2018,,0.397,,A,,,,,,3,,,,,,,
DATAFLOW,OECD.WISE.INE:DSD_WISE_IDD@DF_IDD(1.0),,I,TUR,,A,,INC_DISP_GINI,,_Z,,0_TO_1,,_T,,METH2012,,D_CUR,,_Z,,2017,,0.409,,A,,,,,,3,,,,,,,
DATAFLOW,OECD.WISE.INE:DSD_WISE_IDD@DF_IDD(1.0),,I,TUR,,A,,INC_DISP_GINI,,_Z,,0_TO_1,,_T,,METH2012,,D_CUR,,_Z,,2015,,0.404,,A,,,,,,3,,,,,,,
DATAFLOW,OECD.WISE.INE:DSD_WISE_IDD@DF_IDD(1.0),,I,TUR,,A,,INC_DISP_GINI,,_Z,,0_TO_1,,_T,,METH2012,,D_CUR,,_Z,,2014,,0.398,,A,,,,,,3,,,,,,,
DATAFLOW,OECD.WISE.INE:DSD_WISE_IDD@DF_IDD(1.0),,I,TUR,,A,,INC_DISP_GINI,,_Z,,0_TO_1,,_T,,METH2012,,D_CUR,,_Z,,2013,,0.39,,A,,,,,,3,,,,,,,
DATAFLOW,OECD.WISE.INE:DSD_WISE_IDD@DF_IDD(1.0),,I,TUR,,A,,INC_DISP_GINI,,_Z,,0_TO_1,,_T,,METH2012,,D_CUR,,_Z,,2012,,0.399,,A,,,,,,3,,,,,,,
DATAFLOW,OECD.WISE.INE:DSD_WISE_IDD@DF_IDD(1.0),,I,TUR,,A,,INC_DISP_GINI,,_Z,,0_TO_1,,_T,,METH2012,,D_CUR,,_Z,,2011,,0.403,,A,,,,,,3,,,,,,,
DATAFLOW,OECD.WISE.INE:DSD_WISE_IDD@DF_IDD(1.0),,I,TUR,,A,,INC_DISP_GINI,,_Z,,0_TO_1,,_T,,METH2012,,D_CUR,,_Z,,2021,,0.433,,A,,,,,,3,,,,,,,
DATAFLOW,OECD.WISE.INE:DSD_WISE_IDD@DF_IDD(1.0),,I,TUR,,A,,INC_DISP_GINI,,_Z,,0_TO_1,,_T,,METH2012,,D_CUR,,_Z,,2020,,0.403,,A,,,,,,3,,,,,,,
DATAFLOW,OECD.WISE.INE:DSD_WISE_IDD@DF_IDD(1.0),,I,ISR,,A,,INC_DISP_GINI,,_Z,,0_TO_1,,_T,,METH2012,,D_CUR,,_Z,,2017,,0.344,,A,,,,,,3,,,,,,,
DATAFLOW,OECD.WISE.INE:DSD_WISE_IDD@DF_IDD(1.0),,I,ISR,,A,,INC_DISP_GINI,,_Z,,0_TO_1,,_T,,METH2012,,D_CUR,,_Z,,2016,,0.346,,A,,,,,,3,,,,,,,
DATAFLOW,OECD.WISE.INE:DSD_WISE_IDD@DF_IDD(1.0),,I,ISR,,A,,INC_DISP_GINI,,_Z,,0_TO_1,,_T,,METH2012,,D_CUR,,_Z,,2015,,0.36,,A,,,,,,3,,,,,,,
DATAFLOW,OECD.WISE.INE:DSD_WISE_IDD@DF_IDD(1.0),,I,ISR,,A,,INC_DISP_GINI,,_Z,,0_TO_1,,_T,,METH2012,,D_CUR,,_Z,,2014,,0.365,,A,,,,,,3,,,,,,,
DATAFLOW,OECD.WISE.INE:DSD_WISE_IDD@DF_IDD(1.0),,I,ISR,,A,,INC_DISP_GINI,,_Z,,0_TO_1,,_T,,METH2012,,D_CUR,,_Z,,2013,,0.36,,A,,,,,,3,,,,,,,
DATAFLOW,OECD.WISE.INE:DSD_WISE_IDD@DF_IDD(1.0),,I,ISR,,A,,INC_DISP_GINI,,_Z,,0_TO_1,,_T,,METH2012,,D_CUR,,_Z,,2012,,0.371,,A,,,,,,3,,,,,,,
DATAFLOW,OECD.WISE.INE:DSD_WISE_IDD@DF_IDD(1.0),,I,ISR,,A,,INC_DISP_GINI,,_Z,,0_TO_1,,_T,,METH2012,,D_CUR,,_Z,,2011,,0.371,,A,,,,,,3,,,,,,,
DATAFLOW,OECD.WISE.INE:DSD_WISE_IDD@DF_IDD(1.0),,I,ISR,,A,,INC_DISP_GINI,,_Z,,0_TO_1,,_T,,METH2012,,D_CUR,,_Z,,2021,,0.348,,A,,,,,,3,,,,,,,
DATAFLOW,OECD.WISE.INE:DSD_WISE_IDD@DF_IDD(1.0),,I,ISR,,A,,INC_DISP_GINI,,_Z,,0_TO_1,,_T,,METH2012,,D_CUR,,_Z,,2020,,0.34,,A,,,,,,3,,,,,,,
DATAFLOW,OECD.WISE.INE:DSD_WISE_IDD@DF_IDD(1.0),,I,ISR,,A,,INC_DISP_GINI,,_Z,,0_TO_1,,_T,,METH2012,,D_CUR,,_Z,,2019,,0.342,,A,,,,,,3,,,,,,,
DATAFLOW,OECD.WISE.INE:DSD_WISE_IDD@DF_IDD(1.0),,I,ISR,,A,,INC_DISP_GINI,,_Z,,0_TO_1,,_T,,METH2012,,D_CUR,,_Z,,2018,,0.348,,A,,,,,,3,,,,,,,
DATAFLOW,OECD.WISE.INE:DSD_WISE_IDD@DF_IDD(1.0),,I,FIN,,A,,INC_DISP_GINI,,_Z,,0_TO_1,,_T,,METH2012,,D_CUR,,_Z,,2014,,0.257,,A,,,,,,3,,,,,,,
DATAFLOW,OECD.WISE.INE:DSD_WISE_IDD@DF_IDD(1.0),,I,FIN,,A,,INC_DISP_GINI,,_Z,,0_TO_1,,_T,,METH2012,,D_CUR,,_Z,,2013,,0.262,,A,,,,,,3,,,,,,,
DATAFLOW,OECD.WISE.INE:DSD_WISE_IDD@DF_IDD(1.0),,I,FIN,,A,,INC_DISP_GINI,,_Z,,0_TO_1,,_T,,METH2012,,D_CUR,,_Z,,2012,,0.26,,A,,,,,,3,,,,,,,
DATAFLOW,OECD.WISE.INE:DSD_WISE_IDD@DF_IDD(1.0),,I,FIN,,A,,INC_DISP_GINI,,_Z,,0_TO_1,,_T,,METH2012,,D_CUR,,_Z,,2011,,0.264,,A,,,,,,3,,,,,,,
DATAFLOW,OECD.WISE.INE:DSD_WISE_IDD@DF_IDD(1.0),,I,FIN,,A,,INC_DISP_GINI,,_Z,,0_TO_1,,_T,,METH2012,,D_CUR,,_Z,,2010,,0.264,,A,,,,,,3,,,,,,,
DATAFLOW,OECD.WISE.INE:DSD_WISE_IDD@DF_IDD(1.0),,I,FIN,,A,,INC_DISP_GINI,,_Z,,0_TO_1,,_T,,METH2012,,D_CUR,,_Z,,2022,,0.274,,A,,,,,,3,,,,,,,
DATAFLOW,OECD.WISE.INE:DSD_WISE_IDD@DF_IDD(1.0),,I,FIN,,A,,INC_DISP_GINI,,_Z,,0_TO_1,,_T,,METH2012,,D_CUR,,_Z,,2021,,0.273,,A,,,,,,3,,,,,,,
DATAFLOW,OECD.WISE.INE:DSD_WISE_IDD@DF_IDD(1.0),,I,FIN,,A,,INC_DISP_GINI,,_Z,,0_TO_1,,_T,,METH2012,,D_CUR,,_Z,,2020,,0.265,,A,,,,,,3,,,,,,,
DATAFLOW,OECD.WISE.INE:DSD_WISE_IDD@DF_IDD(1.0),,I,FIN,,A,,INC_DISP_GINI,,_Z,,0_TO_1,,_T,,METH2012,,D_CUR,,_Z,,2019,,0.273,,A,,,,,,3,,,,,,,
DATAFLOW,OECD.WISE.INE:DSD_WISE_IDD@DF_IDD(1.0),,I,FIN,,A,,INC_DISP_GINI,,_Z,,0_TO_1,,_T,,METH2012,,D_CUR,,_Z,,2018,,0.269,,A,,,,,,3,,,,,,,
DATAFLOW,OECD.WISE.INE:DSD_WISE_IDD@DF_IDD(1.0),,I,FIN,,A,,INC_DISP_GINI,,_Z,,0_TO_1,,_T,,METH2012,,D_CUR,,_Z,,2017,,0.266,,A,,,,,,3,,,,,,,
DATAFLOW,OECD.WISE.INE:DSD_WISE_IDD@DF_IDD(1.0),,I,FIN,,A,,INC_DISP_GINI,,_Z,,0_TO_1,,_T,,METH2012,,D_CUR,,_Z,,2016,,0.259,,A,,,,,,3,,,,,,,
DATAFLOW,OECD.WISE.INE:DSD_WISE_IDD@DF_IDD(1.0),,I,FIN,,A,,INC_DISP_GINI,,_Z,,0_TO_1,,_T,,METH2012,,D_CUR,,_Z,,2015,,0.26,,A,,,,,,3,,,,,,,
DATAFLOW,OECD.WISE.INE:DSD_WISE_IDD@DF_IDD(1.0),,I,KOR,,A,,INC_DISP_GINI,,_Z,,0_TO_1,,_T,,METH2012,,D_CUR,,_Z,,2016,,0.355,,A,,,,,,3,,,,,,,
DATAFLOW,OECD.WISE.INE:DSD_WISE_IDD@DF_IDD(1.0),,I,KOR,,A,,INC_DISP_GINI,,_Z,,0_TO_1,,_T,,METH2012,,D_CUR,,_Z,,2015,,0.352,,A,,,,,,3,,,,,,,
DATAFLOW,OECD.WISE.INE:DSD_WISE_IDD@DF_IDD(1.0),,I,KOR,,A,,INC_DISP_GINI,,_Z,,0_TO_1,,_T,,METH2012,,D_CUR,,_Z,,2014,,0.363,,A,,,,,,3,,,,,,,
DATAFLOW,OECD.WISE.INE:DSD_WISE_IDD@DF_IDD(1.0),,I,KOR,,A,,INC_DISP_GINI,,_Z,,0_TO_1,,_T,,METH2012,,D_CUR,,_Z,,2013,,0.372,,A,,,,,,3,,,,,,,
DATAFLOW,OECD.WISE.INE:DSD_WISE_IDD@DF_IDD(1.0),,I,KOR,,A,,INC_DISP_GINI,,_Z,,0_TO_1,,_T,,METH2012,,D_CUR,,_Z,,2012,,0.385,,A,,,,,,3,,,,,,,
DATAFLOW,OECD.WISE.INE:DSD_WISE_IDD@DF_IDD(1.0),,I,KOR,,A,,INC_DISP_GINI,,_Z,,0_TO_1,,_T,,METH2012,,D_CUR,,_Z,,2011,,0.388,,A,,,,,,3,,,,,,,
DATAFLOW,OECD.WISE.INE:DSD_WISE_IDD@DF_IDD(1.0),,I,KOR,,A,,INC_DISP_GINI,,_Z,,0_TO_1,,_T,,METH2012,,D_CUR,,_Z,,2022,,0.324,,A,,,,,,3,,,,,,,
DATAFLOW,OECD.WISE.INE:DSD_WISE_IDD@DF_IDD(1.0),,I,KOR,,A,,INC_DISP_GINI,,_Z,,0_TO_1,,_T,,METH2012,,D_CUR,,_Z,,2021,,0.329,,A,,,,,,3,,,,,,,
DATAFLOW,OECD.WISE.INE:DSD_WISE_IDD@DF_IDD(1.0),,I,KOR,,A,,INC_DISP_GINI,,_Z,,0_TO_1,,_T,,METH2012,,D_CUR,,_Z,,2020,,0.328,,A,,,,,,3,,,,,,,
DATAFLOW,OECD.WISE.INE:DSD_WISE_IDD@DF_IDD(1.0),,I,KOR,,A,,INC_DISP_GINI,,_Z,,0_TO_1,,_T,,METH2012,,D_CUR,,_Z,,2019,,0.339,,A,,,,,,3,,,,,,,
DATAFLOW,OECD.WISE.INE:DSD_WISE_IDD@DF_IDD(1.0),,I,KOR,,A,,INC_DISP_GINI,,_Z,,0_TO_1,,_T,,METH2012,,D_CUR,,_Z,,2018,,0.345,,A,,,,,,3,,,,,,,
DATAFLOW,OECD.WISE.INE:DSD_WISE_IDD@DF_IDD(1.0),,I,KOR,,A,,INC_DISP_GINI,,_Z,,0_TO_1,,_T,,METH2012,,D_CUR,,_Z,,2017,,0.354,,A,,,,,,3,,,,,,,
DATAFLOW,OECD.WISE.INE:DSD_WISE_IDD@DF_IDD(1.0),,I,CHL,,A,,INC_DISP_GINI,,_Z,,0_TO_1,,_T,,METH2012,,D_CUR,,_Z,,2022,,0.448,,A,,,,,,3,,,,,,,
DATAFLOW,OECD.WISE.INE:DSD_WISE_IDD@DF_IDD(1.0),,I,CHL,,A,,INC_DISP_GINI,,_Z,,0_TO_1,,_T,,METH2012,,D_CUR,,_Z,,2020,,0.496,,A,,,,,,3,,,,,,,
DATAFLOW,OECD.WISE.INE:DSD_WISE_IDD@DF_IDD(1.0),,I,CHL,,A,,INC_DISP_GINI,,_Z,,0_TO_1,,_T,,METH2012,,D_CUR,,_Z,,2017,,0.46,,A,,,,,,3,,,,,,,
DATAFLOW,OECD.WISE.INE:DSD_WISE_IDD@DF_IDD(1.0),,I,CHL,,A,,INC_DISP_GINI,,_Z,,0_TO_1,,_T,,METH2012,,D_CUR,,_Z,,2015,,0.454,,A,,,,,,3,,,,,,,
DATAFLOW,OECD.WISE.INE:DSD_WISE_IDD@DF_IDD(1.0),,I,CHL,,A,,INC_DISP_GINI,,_Z,,0_TO_1,,_T,,METH2012,,D_CUR,,_Z,,2013,,0.465,,A,,,,,,3,,,,,,,
DATAFLOW,OECD.WISE.INE:DSD_WISE_IDD@DF_IDD(1.0),,I,CHL,,A,,INC_DISP_GINI,,_Z,,0_TO_1,,_T,,METH2012,,D_CUR,,_Z,,2011,,0.471,,A,,,,,,3,,,,,,,
DATAFLOW,OECD.WISE.INE:DSD_WISE_IDD@DF_IDD(1.0),,I,PRT,,A,,INC_DISP_GINI,,_Z,,0_TO_1,,_T,,METH2012,,D_CUR,,_Z,,2015,,0.336,,A,,,,,,3,,,,,,,
DATAFLOW,OECD.WISE.INE:DSD_WISE_IDD@DF_IDD(1.0),,I,PRT,,A,,INC_DISP_GINI,,_Z,,0_TO_1,,_T,,METH2012,,D_CUR,,_Z,,2014,,0.338,,A,,,,,,3,,,,,,,
DATAFLOW,OECD.WISE.INE:DSD_WISE_IDD@DF_IDD(1.0),,I,PRT,,A,,INC_DISP_GINI,,_Z,,0_TO_1,,_T,,METH2012,,D_CUR,,_Z,,2013,,0.341,,A,,,,,,3,,,,,,,
DATAFLOW,OECD.WISE.INE:DSD_WISE_IDD@DF_IDD(1.0),,I,PRT,,A,,INC_DISP_GINI,,_Z,,0_TO_1,,_T,,METH2012,,D_CUR,,_Z,,2012,,0.337,,A,,,,,,3,,,,,,,
DATAFLOW,OECD.WISE.INE:DSD_WISE_IDD@DF_IDD(1.0),,I,PRT,,A,,INC_DISP_GINI,,_Z,,0_TO_1,,_T,,METH2012,,D_CUR,,_Z,,2011,,0.337,,A,,,,,,3,,,,,,,
DATAFLOW,OECD.WISE.INE:DSD_WISE_IDD@DF_IDD(1.0),,I,PRT,,A,,INC_DISP_GINI,,_Z,,0_TO_1,,_T,,METH2012,,D_CUR,,_Z,,2010,,0.341,,A,,,,,,3,,,,,,,
DATAFLOW,OECD.WISE.INE:DSD_WISE_IDD@DF_IDD(1.0),,I,PRT,,A,,INC_DISP_GINI,,_Z,,0_TO_1,,_T,,METH2012,,D_CUR,,_Z,,2021,,0.313,,A,,,,,,3,,,,,,,
DATAFLOW,OECD.WISE.INE:DSD_WISE_IDD@DF_IDD(1.0),,I,PRT,,A,,INC_DISP_GINI,,_Z,,0_TO_1,,_T,,METH2012,,D_CUR,,_Z,,2020,,0.327,,A,,,,,,3,,,,,,,
DATAFLOW,OECD.WISE.INE:DSD_WISE_IDD@DF_IDD(1.0),,I,PRT,,A,,INC_DISP_GINI,,_Z,,0_TO_1,,_T,,METH2012,,D_CUR,,_Z,,2019,,0.31,,A,,,,,,3,,,,,,,
DATAFLOW,OECD.WISE.INE:DSD_WISE_IDD@DF_IDD(1.0),,I,PRT,,A,,INC_DISP_GINI,,_Z,,0_TO_1,,_T,,METH2012,,D_CUR,,_Z,,2018,,0.317,,A,,,,,,3,,,,,,,
DATAFLOW,OECD.WISE.INE:DSD_WISE_IDD@DF_IDD(1.0),,I,PRT,,A,,INC_DISP_GINI,,_Z,,0_TO_1,,_T,,METH2012,,D_CUR,,_Z,,2017,,0.32,,A,,,,,,3,,,,,,,
DATAFLOW,OECD.WISE.INE:DSD_WISE_IDD@DF_IDD(1.0),,I,PRT,,A,,INC_DISP_GINI,,_Z,,0_TO_1,,_T,,METH2012,,D_CUR,,_Z,,2016,,0.331,,A,,,,,,3,,,,,,,
DATAFLOW,OECD.WISE.INE:DSD_WISE_IDD@DF_IDD(1.0),,I,SWE,,A,,INC_DISP_GINI,,_Z,,0_TO_1,,_T,,METH2012,,D_CUR,,_Z,,2020,,0.276,,A,,,,,,3,,,,,,,
DATAFLOW,OECD.WISE.INE:DSD_WISE_IDD@DF_IDD(1.0),,I,SWE,,A,,INC_DISP_GINI,,_Z,,0_TO_1,,_T,,METH2012,,D_CUR,,_Z,,2019,,0.277,,A,,,,,,3,,,,,,,
DATAFLOW,OECD.WISE.INE:DSD_WISE_IDD@DF_IDD(1.0),,I,SWE,,A,,INC_DISP_GINI,,_Z,,0_TO_1,,_T,,METH2012,,D_CUR,,_Z,,2018,,0.273,,A,,,,,,3,,,,,,,
DATAFLOW,OECD.WISE.INE:DSD_WISE_IDD@DF_IDD(1.0),,I,SWE,,A,,INC_DISP_GINI,,_Z,,0_TO_1,,_T,,METH2012,,D_CUR,,_Z,,2017,,0.282,,A,,,,,,3,,,,,,,
DATAFLOW,OECD.WISE.INE:DSD_WISE_IDD@DF_IDD(1.0),,I,SWE,,A,,INC_DISP_GINI,,_Z,,0_TO_1,,_T,,METH2012,,D_CUR,,_Z,,2016,,0.28,,A,,,,,,3,,,,,,,
DATAFLOW,OECD.WISE.INE:DSD_WISE_IDD@DF_IDD(1.0),,I,SWE,,A,,INC_DISP_GINI,,_Z,,0_TO_1,,_T,,METH2012,,D_CUR,,_Z,,2015,,0.276,,A,,,,,,3,,,,,,,
DATAFLOW,OECD.WISE.INE:DSD_WISE_IDD@DF_IDD(1.0),,I,SWE,,A,,INC_DISP_GINI,,_Z,,0_TO_1,,_T,,METH2012,,D_CUR,,_Z,,2014,,0.272,,A,,,,,,3,,,,,,,
DATAFLOW,OECD.WISE.INE:DSD_WISE_IDD@DF_IDD(1.0),,I,SWE,,A,,INC_DISP_GINI,,_Z,,0_TO_1,,_T,,METH2012,,D_CUR,,_Z,,2013,,0.267,,A,,,,,,3,,,,,,,
DATAFLOW,OECD.WISE.INE:DSD_WISE_IDD@DF_IDD(1.0),,I,SWE,,A,,INC_DISP_GINI,,_Z,,0_TO_1,,_T,,METH2012,,D_CUR,,_Z,,2022,,0.29,,A,,,,,,3,,,,,,,
DATAFLOW,OECD.WISE.INE:DSD_WISE_IDD@DF_IDD(1.0),,I,SWE,,A,,INC_DISP_GINI,,_Z,,0_TO_1,,_T,,METH2012,,D_CUR,,_Z,,2021,,0.286,,A,,,,,,3,,,,,,,
DATAFLOW,OECD.WISE.INE:DSD_WISE_IDD@DF_IDD(1.0),,I,CZE,,A,,INC_DISP_GINI,,_Z,,0_TO_1,,_T,,METH2012,,D_CUR,,_Z,,2012,,0.254,,A,,,,,,3,,,,,,,
DATAFLOW,OECD.WISE.INE:DSD_WISE_IDD@DF_IDD(1.0),,I,CZE,,A,,INC_DISP_GINI,,_Z,,0_TO_1,,_T,,METH2012,,D_CUR,,_Z,,2011,,0.257,,A,,,,,,3,,,,,,,
DATAFLOW,OECD.WISE.INE:DSD_WISE_IDD@DF_IDD(1.0),,I,CZE,,A,,INC_DISP_GINI,,_Z,,0_TO_1,,_T,,METH2012,,D_CUR,,_Z,,2010,,0.26,,A,,,,,,3,,,,,,,
DATAFLOW,OECD.WISE.INE:DSD_WISE_IDD@DF_IDD(1.0),,I,CZE,,A,,INC_DISP_GINI,,_Z,,0_TO_1,,_T,,METH2012,,D_CUR,,_Z,,2021,,0.255,,A,,,,,,3,,,,,,,
DATAFLOW,OECD.WISE.INE:DSD_WISE_IDD@DF_IDD(1.0),,I,CZE,,A,,INC_DISP_GINI,,_Z,,0_TO_1,,_T,,METH2012,,D_CUR,,_Z,,2020,,0.255,,A,,,,,,3,,,,,,,
DATAFLOW,OECD.WISE.INE:DSD_WISE_IDD@DF_IDD(1.0),,I,CZE,,A,,INC_DISP_GINI,,_Z,,0_TO_1,,_T,,METH2012,,D_CUR,,_Z,,2018,,0.249,,A,,,,,,3,,,,,,,
DATAFLOW,OECD.WISE.INE:DSD_WISE_IDD@DF_IDD(1.0),,I,CZE,,A,,INC_DISP_GINI,,_Z,,0_TO_1,,_T,,METH2012,,D_CUR,,_Z,,2017,,0.249,,A,,,,,,3,,,,,,,
DATAFLOW,OECD.WISE.INE:DSD_WISE_IDD@DF_IDD(1.0),,I,CZE,,A,,INC_DISP_GINI,,_Z,,0_TO_1,,_T,,METH2012,,D_CUR,,_Z,,2016,,0.253,,A,,,,,,3,,,,,,,
DATAFLOW,OECD.WISE.INE:DSD_WISE_IDD@DF_IDD(1.0),,I,CZE,,A,,INC_DISP_GINI,,_Z,,0_TO_1,,_T,,METH2012,,D_CUR,,_Z,,2019,,0.248,,A,,,,,,3,,,,,,,
DATAFLOW,OECD.WISE.INE:DSD_WISE_IDD@DF_IDD(1.0),,I,CZE,,A,,INC_DISP_GINI,,_Z,,0_TO_1,,_T,,METH2012,,D_CUR,,_Z,,2015,,0.258,,A,,,,,,3,,,,,,,
DATAFLOW,OECD.WISE.INE:DSD_WISE_IDD@DF_IDD(1.0),,I,CZE,,A,,INC_DISP_GINI,,_Z,,0_TO_1,,_T,,METH2012,,D_CUR,,_Z,,2014,,0.257,,A,,,,,,3,,,,,,,
DATAFLOW,OECD.WISE.INE:DSD_WISE_IDD@DF_IDD(1.0),,I,CZE,,A,,INC_DISP_GINI,,_Z,,0_TO_1,,_T,,METH2012,,D_CUR,,_Z,,2013,,0.259,,A,,,,,,3,,,,,,,
DATAFLOW,OECD.WISE.INE:DSD_WISE_IDD@DF_IDD(1.0),,I,LTU,,A,,INC_DISP_GINI,,_Z,,0_TO_1,,_T,,METH2012,,D_CUR,,_Z,,2015,,0.372,,A,,,,,,3,,,,,,,
DATAFLOW,OECD.WISE.INE:DSD_WISE_IDD@DF_IDD(1.0),,I,LTU,,A,,INC_DISP_GINI,,_Z,,0_TO_1,,_T,,METH2012,,D_CUR,,_Z,,2014,,0.38,,A,,,,,,3,,,,,,,
DATAFLOW,OECD.WISE.INE:DSD_WISE_IDD@DF_IDD(1.0),,I,LTU,,A,,INC_DISP_GINI,,_Z,,0_TO_1,,_T,,METH2012,,D_CUR,,_Z,,2013,,0.351,,A,,,,,,3,,,,,,,
DATAFLOW,OECD.WISE.INE:DSD_WISE_IDD@DF_IDD(1.0),,I,LTU,,A,,INC_DISP_GINI,,_Z,,0_TO_1,,_T,,METH2012,,D_CUR,,_Z,,2012,,0.35,,A,,,,,,3,,,,,,,
DATAFLOW,OECD.WISE.INE:DSD_WISE_IDD@DF_IDD(1.0),,I,LTU,,A,,INC_DISP_GINI,,_Z,,0_TO_1,,_T,,METH2012,,D_CUR,,_Z,,2011,,0.321,,A,,,,,,3,,,,,,,
DATAFLOW,OECD.WISE.INE:DSD_WISE_IDD@DF_IDD(1.0),,I,LTU,,A,,INC_DISP_GINI,,_Z,,0_TO_1,,_T,,METH2012,,D_CUR,,_Z,,2010,,0.329,,A,,,,,,3,,,,,,,
DATAFLOW,OECD.WISE.INE:DSD_WISE_IDD@DF_IDD(1.0),,I,LTU,,A,,INC_DISP_GINI,,_Z,,0_TO_1,,_T,,METH2012,,D_CUR,,_Z,,2021,,0.366,,A,,,,,,3,,,,,,,
DATAFLOW,OECD.WISE.INE:DSD_WISE_IDD@DF_IDD(1.0),,I,LTU,,A,,INC_DISP_GINI,,_Z,,0_TO_1,,_T,,METH2012,,D_CUR,,_Z,,2020,,0.357,,A,,,,,,3,,,,,,,
DATAFLOW,OECD.WISE.INE:DSD_WISE_IDD@DF_IDD(1.0),,I,LTU,,A,,INC_DISP_GINI,,_Z,,0_TO_1,,_T,,METH2012,,D_CUR,,_Z,,2019,,0.357,,A,,,,,,3,,,,,,,
DATAFLOW,OECD.WISE.INE:DSD_WISE_IDD@DF_IDD(1.0),,I,LTU,,A,,INC_DISP_GINI,,_Z,,0_TO_1,,_T,,METH2012,,D_CUR,,_Z,,2018,,0.361,,A,,,,,,3,,,,,,,
DATAFLOW,OECD.WISE.INE:DSD_WISE_IDD@DF_IDD(1.0),,I,LTU,,A,,INC_DISP_GINI,,_Z,,0_TO_1,,_T,,METH2012,,D_CUR,,_Z,,2017,,0.374,,A,,,,,,3,,,,,,,
DATAFLOW,OECD.WISE.INE:DSD_WISE_IDD@DF_IDD(1.0),,I,LTU,,A,,INC_DISP_GINI,,_Z,,0_TO_1,,_T,,METH2012,,D_CUR,,_Z,,2016,,0.378,,A,,,,,,3,,,,,,,
DATAFLOW,OECD.WISE.INE:DSD_WISE_IDD@DF_IDD(1.0),,I,GBR,,A,,INC_DISP_GINI,,_Z,,0_TO_1,,_T,,METH2012,,D_CUR,,_Z,,2015,,0.36,,A,,,,,,3,,,,,,,
DATAFLOW,OECD.WISE.INE:DSD_WISE_IDD@DF_IDD(1.0),,I,GBR,,A,,INC_DISP_GINI,,_Z,,0_TO_1,,_T,,METH2012,,D_CUR,,_Z,,2014,,0.356,,A,,,,,,3,,,,,,,
DATAFLOW,OECD.WISE.INE:DSD_WISE_IDD@DF_IDD(1.0),,I,GBR,,A,,INC_DISP_GINI,,_Z,,0_TO_1,,_T,,METH2012,,D_CUR,,_Z,,2013,,0.358,,A,,,,,,3,,,,,,,
DATAFLOW,OECD.WISE.INE:DSD_WISE_IDD@DF_IDD(1.0),,I,GBR,,A,,INC_DISP_GINI,,_Z,,0_TO_1,,_T,,METH2012,,D_CUR,,_Z,,2012,,0.351,,A,,,,,,3,,,,,,,
DATAFLOW,OECD.WISE.INE:DSD_WISE_IDD@DF_IDD(1.0),,I,GBR,,A,,INC_DISP_GINI,,_Z,,0_TO_1,,_T,,METH2012,,D_CUR,,_Z,,2011,,0.354,,A,,,,,,3,,,,,,,
DATAFLOW,OECD.WISE.INE:DSD_WISE_IDD@DF_IDD(1.0),,I,GBR,,A,,INC_DISP_GINI,,_Z,,0_TO_1,,_T,,METH2012,,D_CUR,,_Z,,2010,,0.351,,A,,,,,,3,,,,,,,
DATAFLOW,OECD.WISE.INE:DSD_WISE_IDD@DF_IDD(1.0),,I,GBR,,A,,INC_DISP_GINI,,_Z,,0_TO_1,,_T,,METH2012,,D_CUR,,_Z,,2021,,0.354,,A,,,,,,3,,,,,,,
DATAFLOW,OECD.WISE.INE:DSD_WISE_IDD@DF_IDD(1.0),,I,GBR,,A,,INC_DISP_GINI,,_Z,,0_TO_1,,_T,,METH2012,,D_CUR,,_Z,,2020,,0.355,,A,,,,,,3,,,,,,,
DATAFLOW,OECD.WISE.INE:DSD_WISE_IDD@DF_IDD(1.0),,I,GBR,,A,,INC_DISP_GINI,,_Z,,0_TO_1,,_T,,METH2012,,D_CUR,,_Z,,2019,,0.366,,A,,,,,,3,,,,,,,
DATAFLOW,OECD.WISE.INE:DSD_WISE_IDD@DF_IDD(1.0),,I,GBR,,A,,INC_DISP_GINI,,_Z,,0_TO_1,,_T,,METH2012,,D_CUR,,_Z,,2018,,0.366,,A,,,,,,3,,,,,,,
DATAFLOW,OECD.WISE.INE:DSD_WISE_IDD@DF_IDD(1.0),,I,GBR,,A,,INC_DISP_GINI,,_Z,,0_TO_1,,_T,,METH2012,,D_CUR,,_Z,,2017,,0.357,,A,,,,,,3,,,,,,,
DATAFLOW,OECD.WISE.INE:DSD_WISE_IDD@DF_IDD(1.0),,I,GBR,,A,,INC_DISP_GINI,,_Z,,0_TO_1,,_T,,METH2012,,D_CUR,,_Z,,2016,,0.351,,A,,,,,,3,,,,,,,
DATAFLOW,OECD.WISE.INE:DSD_WISE_IDD@DF_IDD(1.0),,I,DNK,,A,,INC_DISP_GINI,,_Z,,0_TO_1,,_T,,METH2012,,D_CUR,,_Z,,2018,,0.263,,A,,,,,,3,,,,,,,
DATAFLOW,OECD.WISE.INE:DSD_WISE_IDD@DF_IDD(1.0),,I,DNK,,A,,INC_DISP_GINI,,_Z,,0_TO_1,,_T,,METH2012,,D_CUR,,_Z,,2017,,0.264,,A,,,,,,3,,,,,,,
DATAFLOW,OECD.WISE.INE:DSD_WISE_IDD@DF_IDD(1.0),,I,DNK,,A,,INC_DISP_GINI,,_Z,,0_TO_1,,_T,,METH2012,,D_CUR,,_Z,,2011,,0.251,,A,,,,,,3,,,,,,,
DATAFLOW,OECD.WISE.INE:DSD_WISE_IDD@DF_IDD(1.0),,I,DNK,,A,,INC_DISP_GINI,,_Z,,0_TO_1,,_T,,METH2012,,D_CUR,,_Z,,2016,,0.261,,A,,,,,,3,,,,,,,
DATAFLOW,OECD.WISE.INE:DSD_WISE_IDD@DF_IDD(1.0),,I,DNK,,A,,INC_DISP_GINI,,_Z,,0_TO_1,,_T,,METH2012,,D_CUR,,_Z,,2015,,0.263,,A,,,,,,3,,,,,,,
DATAFLOW,OECD.WISE.INE:DSD_WISE_IDD@DF_IDD(1.0),,I,DNK,,A,,INC_DISP_GINI,,_Z,,0_TO_1,,_T,,METH2012,,D_CUR,,_Z,,2014,,0.256,,A,,,,,,3,,,,,,,
DATAFLOW,OECD.WISE.INE:DSD_WISE_IDD@DF_IDD(1.0),,I,DNK,,A,,INC_DISP_GINI,,_Z,,0_TO_1,,_T,,METH2012,,D_CUR,,_Z,,2013,,0.254,,A,,,,,,3,,,,,,,
DATAFLOW,OECD.WISE.INE:DSD_WISE_IDD@DF_IDD(1.0),,I,DNK,,A,,INC_DISP_GINI,,_Z,,0_TO_1,,_T,,METH2012,,D_CUR,,_Z,,2012,,0.249,,A,,,,,,3,,,,,,,
DATAFLOW,OECD.WISE.INE:DSD_WISE_IDD@DF_IDD(1.0),,I,DNK,,A,,INC_DISP_GINI,,_Z,,0_TO_1,,_T,,METH2012,,D_CUR,,_Z,,2019,,0.268,,A,,,,,,3,,,,,,,
DATAFLOW,OECD.WISE.INE:DSD_WISE_IDD@DF_IDD(1.0),,I,CHE,,A,,INC_DISP_GINI,,_Z,,0_TO_1,,_T,,METH2012,,D_CUR,,_Z,,2020,,0.32,,A,,,,,,3,,,,,,,
DATAFLOW,OECD.WISE.INE:DSD_WISE_IDD@DF_IDD(1.0),,I,CHE,,A,,INC_DISP_GINI,,_Z,,0_TO_1,,_T,,METH2012,,D_CUR,,_Z,,2019,,0.316,,A,,,,,,3,,,,,,,
DATAFLOW,OECD.WISE.INE:DSD_WISE_IDD@DF_IDD(1.0),,I,CHE,,A,,INC_DISP_GINI,,_Z,,0_TO_1,,_T,,METH2012,,D_CUR,,_Z,,2018,,0.311,,A,,,,,,3,,,,,,,
DATAFLOW,OECD.WISE.INE:DSD_WISE_IDD@DF_IDD(1.0),,I,CHE,,A,,INC_DISP_GINI,,_Z,,0_TO_1,,_T,,METH2012,,D_CUR,,_Z,,2017,,0.299,,A,,,,,,3,,,,,,,
DATAFLOW,OECD.WISE.INE:DSD_WISE_IDD@DF_IDD(1.0),,I,CHE,,A,,INC_DISP_GINI,,_Z,,0_TO_1,,_T,,METH2012,,D_CUR,,_Z,,2016,,0.302,,A,,,,,,3,,,,,,,
DATAFLOW,OECD.WISE.INE:DSD_WISE_IDD@DF_IDD(1.0),,I,CHE,,A,,INC_DISP_GINI,,_Z,,0_TO_1,,_T,,METH2012,,D_CUR,,_Z,,2015,,0.296,,A,,,,,,3,,,,,,,
DATAFLOW,OECD.WISE.INE:DSD_WISE_IDD@DF_IDD(1.0),,I,CHE,,A,,INC_DISP_GINI,,_Z,,0_TO_1,,_T,,METH2012,,D_CUR,,_Z,,2014,,0.297,,A,,,,,,3,,,,,,,
DATAFLOW,OECD.WISE.INE:DSD_WISE_IDD@DF_IDD(1.0),,I,CHE,,A,,INC_DISP_GINI,,_Z,,0_TO_1,,_T,,METH2012,,D_CUR,,_Z,,2013,,0.295,,A,,,,,,3,,,,,,,
DATAFLOW,OECD.WISE.INE:DSD_WISE_IDD@DF_IDD(1.0),,I,CHE,,A,,INC_DISP_GINI,,_Z,,0_TO_1,,_T,,METH2012,,D_CUR,,_Z,,2012,,0.285,,A,,,,,,3,,,,,,,
DATAFLOW,OECD.WISE.INE:DSD_WISE_IDD@DF_IDD(1.0),,I,CHE,,A,,INC_DISP_GINI,,_Z,,0_TO_1,,_T,,METH2012,,D_CUR,,_Z,,2011,,0.289,,A,,,,,,3,,,,,,,
DATAFLOW,OECD.WISE.INE:DSD_WISE_IDD@DF_IDD(1.0),,I,CHE,,A,,INC_DISP_GINI,,_Z,,0_TO_1,,_T,,METH2012,,D_CUR,,_Z,,2010,,0.298,,A,,,,,,3,,,,,,,
DATAFLOW,OECD.WISE.INE:DSD_WISE_IDD@DF_IDD(1.0),,I,NLD,,A,,INC_DISP_GINI,,_Z,,0_TO_1,,_T,,METH2012,,D_CUR,,_Z,,2016,,0.292,,A,,,,,,3,,,,,,,
DATAFLOW,OECD.WISE.INE:DSD_WISE_IDD@DF_IDD(1.0),,I,NLD,,A,,INC_DISP_GINI,,_Z,,0_TO_1,,_T,,METH2012,,D_CUR,,_Z,,2015,,0.305,,A,,,,,,3,,,,,,,
DATAFLOW,OECD.WISE.INE:DSD_WISE_IDD@DF_IDD(1.0),,I,NLD,,A,,INC_DISP_GINI,,_Z,,0_TO_1,,_T,,METH2012,,D_CUR,,_Z,,2014,,0.305,,A,,,,,,3,,,,,,,
DATAFLOW,OECD.WISE.INE:DSD_WISE_IDD@DF_IDD(1.0),,I,NLD,,A,,INC_DISP_GINI,,_Z,,0_TO_1,,_T,,METH2012,,D_CUR,,_Z,,2013,,0.287,,A,,,,,,3,,,,,,,
DATAFLOW,OECD.WISE.INE:DSD_WISE_IDD@DF_IDD(1.0),,I,NLD,,A,,INC_DISP_GINI,,_Z,,0_TO_1,,_T,,METH2012,,D_CUR,,_Z,,2012,,0.293,,A,,,,,,3,,,,,,,
DATAFLOW,OECD.WISE.INE:DSD_WISE_IDD@DF_IDD(1.0),,I,NLD,,A,,INC_DISP_GINI,,_Z,,0_TO_1,,_T,,METH2012,,D_CUR,,_Z,,2011,,0.294,,A,,,,,,3,,,,,,,
DATAFLOW,OECD.WISE.INE:DSD_WISE_IDD@DF_IDD(1.0),,I,NLD,,A,,INC_DISP_GINI,,_Z,,0_TO_1,,_T,,METH2012,,D_CUR,,_Z,,2022,,0.288,,P,,,,,,3,,,,,,,
DATAFLOW,OECD.WISE.INE:DSD_WISE_IDD@DF_IDD(1.0),,I,NLD,,A,,INC_DISP_GINI,,_Z,,0_TO_1,,_T,,METH2012,,D_CUR,,_Z,,2021,,0.295,,A,,,,,,3,,,,,,,
DATAFLOW,OECD.WISE.INE:DSD_WISE_IDD@DF_IDD(1.0),,I,NLD,,A,,INC_DISP_GINI,,_Z,,0_TO_1,,_T,,METH2012,,D_CUR,,_Z,,2020,,0.295,,A,,,,,,3,,,,,,,
DATAFLOW,OECD.WISE.INE:DSD_WISE_IDD@DF_IDD(1.0),,I,NLD,,A,,INC_DISP_GINI,,_Z,,0_TO_1,,_T,,METH2012,,D_CUR,,_Z,,2019,,0.312,,A,,,,,,3,,,,,,,
DATAFLOW,OECD.WISE.INE:DSD_WISE_IDD@DF_IDD(1.0),,I,NLD,,A,,INC_DISP_GINI,,_Z,,0_TO_1,,_T,,METH2012,,D_CUR,,_Z,,2018,,0.295,,A,,,,,,3,,,,,,,
DATAFLOW,OECD.WISE.INE:DSD_WISE_IDD@DF_IDD(1.0),,I,NLD,,A,,INC_DISP_GINI,,_Z,,0_TO_1,,_T,,METH2012,,D_CUR,,_Z,,2017,,0.298,,A,,,,,,3,,,,,,,
DATAFLOW,OECD.WISE.INE:DSD_WISE_IDD@DF_IDD(1.0),,I,CAN,,A,,INC_DISP_GINI,,_Z,,0_TO_1,,_T,,METH2012,,D_CUR,,_Z,,2013,,0.319,,A,,,,,,3,,,,,,,
DATAFLOW,OECD.WISE.INE:DSD_WISE_IDD@DF_IDD(1.0),,I,CAN,,A,,INC_DISP_GINI,,_Z,,0_TO_1,,_T,,METH2012,,D_CUR,,_Z,,2012,,0.317,,A,,,,,,3,,,,,,,
DATAFLOW,OECD.WISE.INE:DSD_WISE_IDD@DF_IDD(1.0),,I,CAN,,A,,INC_DISP_GINI,,_Z,,0_TO_1,,_T,,METH2012,,D_CUR,,_Z,,2011,,0.313,,A,,,,,,3,,,,,,,
DATAFLOW,OECD.WISE.INE:DSD_WISE_IDD@DF_IDD(1.0),,I,CAN,,A,,INC_DISP_GINI,,_Z,,0_TO_1,,_T,,METH2012,,D_CUR,,_Z,,2010,,0.316,,A,,,,,,3,,,,,,,
DATAFLOW,OECD.WISE.INE:DSD_WISE_IDD@DF_IDD(1.0),,I,CAN,,A,,INC_DISP_GINI,,_Z,,0_TO_1,,_T,,METH2012,,D_CUR,,_Z,,2021,,0.292,,A,,,,,,3,,,,,,,
DATAFLOW,OECD.WISE.INE:DSD_WISE_IDD@DF_IDD(1.0),,I,CAN,,A,,INC_DISP_GINI,,_Z,,0_TO_1,,_T,,METH2012,,D_CUR,,_Z,,2020,,0.28,,A,,,,,,3,,,,,,,
DATAFLOW,OECD.WISE.INE:DSD_WISE_IDD@DF_IDD(1.0),,I,CAN,,A,,INC_DISP_GINI,,_Z,,0_TO_1,,_T,,METH2012,,D_CUR,,_Z,,2018,,0.304,,A,,,,,,3,,,,,,,
DATAFLOW,OECD.WISE.INE:DSD_WISE_IDD@DF_IDD(1.0),,I,CAN,,A,,INC_DISP_GINI,,_Z,,0_TO_1,,_T,,METH2012,,D_CUR,,_Z,,2017,,0.31,,A,,,,,,3,,,,,,,
DATAFLOW,OECD.WISE.INE:DSD_WISE_IDD@DF_IDD(1.0),,I,CAN,,A,,INC_DISP_GINI,,_Z,,0_TO_1,,_T,,METH2012,,D_CUR,,_Z,,2019,,0.3,,A,,,,,,3,,,,,,,
DATAFLOW,OECD.WISE.INE:DSD_WISE_IDD@DF_IDD(1.0),,I,CAN,,A,,INC_DISP_GINI,,_Z,,0_TO_1,,_T,,METH2012,,D_CUR,,_Z,,2016,,0.307,,A,,,,,,3,,,,,,,
DATAFLOW,OECD.WISE.INE:DSD_WISE_IDD@DF_IDD(1.0),,I,CAN,,A,,INC_DISP_GINI,,_Z,,0_TO_1,,_T,,METH2012,,D_CUR,,_Z,,2015,,0.318,,A,,,,,,3,,,,,,,
DATAFLOW,OECD.WISE.INE:DSD_WISE_IDD@DF_IDD(1.0),,I,CAN,,A,,INC_DISP_GINI,,_Z,,0_TO_1,,_T,,METH2012,,D_CUR,,_Z,,2014,,0.312,,A,,,,,,3,,,,,,,
DATAFLOW,OECD.WISE.INE:DSD_WISE_IDD@DF_IDD(1.0),,I,LUX,,A,,INC_DISP_GINI,,_Z,,0_TO_1,,_T,,METH2012,,D_CUR,,_Z,,2018,,0.318,,A,,,,,,3,,,,,,,
DATAFLOW,OECD.WISE.INE:DSD_WISE_IDD@DF_IDD(1.0),,I,LUX,,A,,INC_DISP_GINI,,_Z,,0_TO_1,,_T,,METH2012,,D_CUR,,_Z,,2017,,0.327,,A,,,,,,3,,,,,,,
DATAFLOW,OECD.WISE.INE:DSD_WISE_IDD@DF_IDD(1.0),,I,LUX,,A,,INC_DISP_GINI,,_Z,,0_TO_1,,_T,,METH2012,,D_CUR,,_Z,,2016,,0.305,,A,,,,,,3,,,,,,,
DATAFLOW,OECD.WISE.INE:DSD_WISE_IDD@DF_IDD(1.0),,I,LUX,,A,,INC_DISP_GINI,,_Z,,0_TO_1,,_T,,METH2012,,D_CUR,,_Z,,2015,,0.306,,A,,,,,,3,,,,,,,
DATAFLOW,OECD.WISE.INE:DSD_WISE_IDD@DF_IDD(1.0),,I,LUX,,A,,INC_DISP_GINI,,_Z,,0_TO_1,,_T,,METH2012,,D_CUR,,_Z,,2021,,0.284,,A,,,,,,3,,,,,,,
DATAFLOW,OECD.WISE.INE:DSD_WISE_IDD@DF_IDD(1.0),,I,LUX,,A,,INC_DISP_GINI,,_Z,,0_TO_1,,_T,,METH2012,,D_CUR,,_Z,,2020,,0.29,,A,,,,,,3,,,,,,,
DATAFLOW,OECD.WISE.INE:DSD_WISE_IDD@DF_IDD(1.0),,I,LUX,,A,,INC_DISP_GINI,,_Z,,0_TO_1,,_T,,METH2012,,D_CUR,,_Z,,2019,,0.305,,A,,,,,,3,,,,,,,
DATAFLOW,OECD.WISE.INE:DSD_WISE_IDD@DF_IDD(1.0),,I,BEL,,A,,INC_DISP_GINI,,_Z,,0_TO_1,,_T,,METH2012,,D_CUR,,_Z,,2019,,0.262,,A,,,,,,3,,,,,,,
DATAFLOW,OECD.WISE.INE:DSD_WISE_IDD@DF_IDD(1.0),,I,BEL,,A,,INC_DISP_GINI,,_Z,,0_TO_1,,_T,,METH2012,,D_CUR,,_Z,,2018,,0.258,,A,,,,,,3,,,,,,,
DATAFLOW,OECD.WISE.INE:DSD_WISE_IDD@DF_IDD(1.0),,I,BEL,,A,,INC_DISP_GINI,,_Z,,0_TO_1,,_T,,METH2012,,D_CUR,,_Z,,2021,,0.256,,A,,,,,,3,,,,,,,
DATAFLOW,OECD.WISE.INE:DSD_WISE_IDD@DF_IDD(1.0),,I,BEL,,A,,INC_DISP_GINI,,_Z,,0_TO_1,,_T,,METH2012,,D_CUR,,_Z,,2020,,0.248,,A,,,,,,3,,,,,,,
DATAFLOW,OECD.WISE.INE:DSD_WISE_IDD@DF_IDD(1.0),,I,ROU,,A,,INC_DISP_GINI,,_Z,,0_TO_1,,_T,,METH2012,,D_CUR,,_Z,,2015,,0.346,,A,,,,,,3,,,,,,,
DATAFLOW,OECD.WISE.INE:DSD_WISE_IDD@DF_IDD(1.0),,I,ROU,,A,,INC_DISP_GINI,,_Z,,0_TO_1,,_T,,METH2012,,D_CUR,,_Z,,2014,,0.371,,A,,,,,,3,,,,,,,
DATAFLOW,OECD.WISE.INE:DSD_WISE_IDD@DF_IDD(1.0),,I,ROU,,A,,INC_DISP_GINI,,_Z,,0_TO_1,,_T,,METH2012,,D_CUR,,_Z,,2013,,0.347,,A,,,,,,3,,,,,,,
DATAFLOW,OECD.WISE.INE:DSD_WISE_IDD@DF_IDD(1.0),,I,ROU,,A,,INC_DISP_GINI,,_Z,,0_TO_1,,_T,,METH2012,,D_CUR,,_Z,,2012,,0.344,,A,,,,,,3,,,,,,,
DATAFLOW,OECD.WISE.INE:DSD_WISE_IDD@DF_IDD(1.0),,I,ROU,,A,,INC_DISP_GINI,,_Z,,0_TO_1,,_T,,METH2012,,D_CUR,,_Z,,2011,,0.339,,A,,,,,,3,,,,,,,
DATAFLOW,OECD.WISE.INE:DSD_WISE_IDD@DF_IDD(1.0),,I,ROU,,A,,INC_DISP_GINI,,_Z,,0_TO_1,,_T,,METH2012,,D_CUR,,_Z,,2010,,0.339,,A,,,,,,3,,,,,,,
DATAFLOW,OECD.WISE.INE:DSD_WISE_IDD@DF_IDD(1.0),,I,ROU,,A,,INC_DISP_GINI,,_Z,,0_TO_1,,_T,,METH2012,,D_CUR,,_Z,,2021,,0.317,,A,,,,,,3,,,,,,,
DATAFLOW,OECD.WISE.INE:DSD_WISE_IDD@DF_IDD(1.0),,I,ROU,,A,,INC_DISP_GINI,,_Z,,0_TO_1,,_T,,METH2012,,D_CUR,,_Z,,2020,,0.342,,A,,,,,,3,,,,,,,
DATAFLOW,OECD.WISE.INE:DSD_WISE_IDD@DF_IDD(1.0),,I,ROU,,A,,INC_DISP_GINI,,_Z,,0_TO_1,,_T,,METH2012,,D_CUR,,_Z,,2019,,0.339,,A,,,,,,3,,,,,,,
DATAFLOW,OECD.WISE.INE:DSD_WISE_IDD@DF_IDD(1.0),,I,ROU,,A,,INC_DISP_GINI,,_Z,,0_TO_1,,_T,,METH2012,,D_CUR,,_Z,,2018,,0.35,,A,,,,,,3,,,,,,,
DATAFLOW,OECD.WISE.INE:DSD_WISE_IDD@DF_IDD(1.0),,I,ROU,,A,,INC_DISP_GINI,,_Z,,0_TO_1,,_T,,METH2012,,D_CUR,,_Z,,2017,,0.351,,A,,,,,,3,,,,,,,
DATAFLOW,OECD.WISE.INE:DSD_WISE_IDD@DF_IDD(1.0),,I,ROU,,A,,INC_DISP_GINI,,_Z,,0_TO_1,,_T,,METH2012,,D_CUR,,_Z,,2016,,0.332,,A,,,,,,3,,,,,,,
DATAFLOW,OECD.WISE.INE:DSD_WISE_IDD@DF_IDD(1.0),,I,IRL,,A,,INC_DISP_GINI,,_Z,,0_TO_1,,_T,,METH2012,,D_CUR,,_Z,,2015,,0.298,,A,,,,,,3,,,,,,,
DATAFLOW,OECD.WISE.INE:DSD_WISE_IDD@DF_IDD(1.0),,I,IRL,,A,,INC_DISP_GINI,,_Z,,0_TO_1,,_T,,METH2012,,D_CUR,,_Z,,2014,,0.298,,A,,,,,,3,,,,,,,
DATAFLOW,OECD.WISE.INE:DSD_WISE_IDD@DF_IDD(1.0),,I,IRL,,A,,INC_DISP_GINI,,_Z,,0_TO_1,,_T,,METH2012,,D_CUR,,_Z,,2013,,0.312,,A,,,,,,3,,,,,,,
DATAFLOW,OECD.WISE.INE:DSD_WISE_IDD@DF_IDD(1.0),,I,IRL,,A,,INC_DISP_GINI,,_Z,,0_TO_1,,_T,,METH2012,,D_CUR,,_Z,,2012,,0.31,,A,,,,,,3,,,,,,,
DATAFLOW,OECD.WISE.INE:DSD_WISE_IDD@DF_IDD(1.0),,I,IRL,,A,,INC_DISP_GINI,,_Z,,0_TO_1,,_T,,METH2012,,D_CUR,,_Z,,2011,,0.307,,A,,,,,,3,,,,,,,
DATAFLOW,OECD.WISE.INE:DSD_WISE_IDD@DF_IDD(1.0),,I,IRL,,A,,INC_DISP_GINI,,_Z,,0_TO_1,,_T,,METH2012,,D_CUR,,_Z,,2010,,0.298,,A,,,,,,3,,,,,,,
DATAFLOW,OECD.WISE.INE:DSD_WISE_IDD@DF_IDD(1.0),,I,IRL,,A,,INC_DISP_GINI,,_Z,,0_TO_1,,_T,,METH2012,,D_CUR,,_Z,,2021,,0.291,,A,,,,,,3,,,,,,,
DATAFLOW,OECD.WISE.INE:DSD_WISE_IDD@DF_IDD(1.0),,I,IRL,,A,,INC_DISP_GINI,,_Z,,0_TO_1,,_T,,METH2012,,D_CUR,,_Z,,2020,,0.282,,A,,,,,,3,,,,,,,
DATAFLOW,OECD.WISE.INE:DSD_WISE_IDD@DF_IDD(1.0),,I,IRL,,A,,INC_DISP_GINI,,_Z,,0_TO_1,,_T,,METH2012,,D_CUR,,_Z,,2019,,0.293,,A,,,,,,3,,,,,,,
DATAFLOW,OECD.WISE.INE:DSD_WISE_IDD@DF_IDD(1.0),,I,IRL,,A,,INC_DISP_GINI,,_Z,,0_TO_1,,_T,,METH2012,,D_CUR,,_Z,,2018,,0.292,,A,,,,,,3,,,,,,,
DATAFLOW,OECD.WISE.INE:DSD_WISE_IDD@DF_IDD(1.0),,I,IRL,,A,,INC_DISP_GINI,,_Z,,0_TO_1,,_T,,METH2012,,D_CUR,,_Z,,2017,,0.295,,A,,,,,,3,,,,,,,
DATAFLOW,OECD.WISE.INE:DSD_WISE_IDD@DF_IDD(1.0),,I,IRL,,A,,INC_DISP_GINI,,_Z,,0_TO_1,,_T,,METH2012,,D_CUR,,_Z,,2016,,0.309,,A,,,,,,3,,,,,,,
DATAFLOW,OECD.WISE.INE:DSD_WISE_IDD@DF_IDD(1.0),,I,BRA,,A,,INC_DISP_GINI,,_Z,,0_TO_1,,_T,,METH2012,,D_CUR,,_Z,,2017,,0.475,,A,,,,,,3,,,,,,,
DATAFLOW,OECD.WISE.INE:DSD_WISE_IDD@DF_IDD(1.0),,I,BRA,,A,,INC_DISP_GINI,,_Z,,0_TO_1,,_T,,METH2012,,D_CUR,,_Z,,2016,,0.462,,A,,,,,,3,,,,,,,
DATAFLOW,OECD.WISE.INE:DSD_WISE_IDD@DF_IDD(1.0),,I,BRA,,A,,INC_DISP_GINI,,_Z,,0_TO_1,,_T,,METH2012,,D_CUR,,_Z,,2022,,0.451,,A,,,,,,3,,,,,,,
DATAFLOW,OECD.WISE.INE:DSD_WISE_IDD@DF_IDD(1.0),,I,BRA,,A,,INC_DISP_GINI,,_Z,,0_TO_1,,_T,,METH2012,,D_CUR,,_Z,,2021,,0.469,,A,,,,,,3,,,,,,,
DATAFLOW,OECD.WISE.INE:DSD_WISE_IDD@DF_IDD(1.0),,I,BRA,,A,,INC_DISP_GINI,,_Z,,0_TO_1,,_T,,METH2012,,D_CUR,,_Z,,2020,,0.448,,A,,,,,,3,,,,,,,
DATAFLOW,OECD.WISE.INE:DSD_WISE_IDD@DF_IDD(1.0),,I,BRA,,A,,INC_DISP_GINI,,_Z,,0_TO_1,,_T,,METH2012,,D_CUR,,_Z,,2019,,0.476,,A,,,,,,3,,,,,,,
DATAFLOW,OECD.WISE.INE:DSD_WISE_IDD@DF_IDD(1.0),,I,BRA,,A,,INC_DISP_GINI,,_Z,,0_TO_1,,_T,,METH2012,,D_CUR,,_Z,,2018,,0.474,,A,,,,,,3,,,,,,,
DATAFLOW,OECD.WISE.INE:DSD_WISE_IDD@DF_IDD(1.0),,I,AUT,,A,,INC_DISP_GINI,,_Z,,0_TO_1,,_T,,METH2012,,D_CUR,,_Z,,2012,,0.276,,A,,,,,,3,,,,,,,
DATAFLOW,OECD.WISE.INE:DSD_WISE_IDD@DF_IDD(1.0),,I,AUT,,A,,INC_DISP_GINI,,_Z,,0_TO_1,,_T,,METH2012,,D_CUR,,_Z,,2011,,0.281,,A,,,,,,3,,,,,,,
DATAFLOW,OECD.WISE.INE:DSD_WISE_IDD@DF_IDD(1.0),,I,AUT,,A,,INC_DISP_GINI,,_Z,,0_TO_1,,_T,,METH2012,,D_CUR,,_Z,,2010,,0.28,,A,,,,,,3,,,,,,,
DATAFLOW,OECD.WISE.INE:DSD_WISE_IDD@DF_IDD(1.0),,I,AUT,,A,,INC_DISP_GINI,,_Z,,0_TO_1,,_T,,METH2012,,D_CUR,,_Z,,2021,,0.281,,A,,,,,,3,,,,,,,
DATAFLOW,OECD.WISE.INE:DSD_WISE_IDD@DF_IDD(1.0),,I,AUT,,A,,INC_DISP_GINI,,_Z,,0_TO_1,,_T,,METH2012,,D_CUR,,_Z,,2020,,0.272,,A,,,,,,3,,,,,,,
DATAFLOW,OECD.WISE.INE:DSD_WISE_IDD@DF_IDD(1.0),,I,AUT,,A,,INC_DISP_GINI,,_Z,,0_TO_1,,_T,,METH2012,,D_CUR,,_Z,,2018,,0.28,,A,,,,,,3,,,,,,,
DATAFLOW,OECD.WISE.INE:DSD_WISE_IDD@DF_IDD(1.0),,I,AUT,,A,,INC_DISP_GINI,,_Z,,0_TO_1,,_T,,METH2012,,D_CUR,,_Z,,2017,,0.275,,A,,,,,,3,,,,,,,
DATAFLOW,OECD.WISE.INE:DSD_WISE_IDD@DF_IDD(1.0),,I,AUT,,A,,INC_DISP_GINI,,_Z,,0_TO_1,,_T,,METH2012,,D_CUR,,_Z,,2019,,0.274,,A,,,,,,3,,,,,,,
DATAFLOW,OECD.WISE.INE:DSD_WISE_IDD@DF_IDD(1.0),,I,AUT,,A,,INC_DISP_GINI,,_Z,,0_TO_1,,_T,,METH2012,,D_CUR,,_Z,,2016,,0.284,,A,,,,,,3,,,,,,,
DATAFLOW,OECD.WISE.INE:DSD_WISE_IDD@DF_IDD(1.0),,I,AUT,,A,,INC_DISP_GINI,,_Z,,0_TO_1,,_T,,METH2012,,D_CUR,,_Z,,2015,,0.275,,A,,,,,,3,,,,,,,
DATAFLOW,OECD.WISE.INE:DSD_WISE_IDD@DF_IDD(1.0),,I,AUT,,A,,INC_DISP_GINI,,_Z,,0_TO_1,,_T,,METH2012,,D_CUR,,_Z,,2014,,0.274,,A,,,,,,3,,,,,,,
DATAFLOW,OECD.WISE.INE:DSD_WISE_IDD@DF_IDD(1.0),,I,AUT,,A,,INC_DISP_GINI,,_Z,,0_TO_1,,_T,,METH2012,,D_CUR,,_Z,,2013,,0.28,,A,,,,,,3,,,,,,,
DATAFLOW,OECD.WISE.INE:DSD_WISE_IDD@DF_IDD(1.0),,I,USA,,A,,INC_DISP_GINI,,_Z,,0_TO_1,,_T,,METH2012,,D_CUR,,_Z,,2015,,0.39,,A,,,,,,3,,,,,,,
DATAFLOW,OECD.WISE.INE:DSD_WISE_IDD@DF_IDD(1.0),,I,USA,,A,,INC_DISP_GINI,,_Z,,0_TO_1,,_T,,METH2012,,D_CUR,,_Z,,2014,,0.394,,A,,,,,,3,,,,,,,
DATAFLOW,OECD.WISE.INE:DSD_WISE_IDD@DF_IDD(1.0),,I,USA,,A,,INC_DISP_GINI,,_Z,,0_TO_1,,_T,,METH2012,,D_CUR,,_Z,,2013,,0.396,,A,,,,,,3,,,,,,,
DATAFLOW,OECD.WISE.INE:DSD_WISE_IDD@DF_IDD(1.0),,I,USA,,A,,INC_DISP_GINI,,_Z,,0_TO_1,,_T,,METH2012,,D_CUR,,_Z,,2022,,0.396,,A,,,,,,3,,,,,,,
DATAFLOW,OECD.WISE.INE:DSD_WISE_IDD@DF_IDD(1.0),,I,USA,,A,,INC_DISP_GINI,,_Z,,0_TO_1,,_T,,METH2012,,D_CUR,,_Z,,2021,,0.375,,A,,,,,,3,,,,,,,
DATAFLOW,OECD.WISE.INE:DSD_WISE_IDD@DF_IDD(1.0),,I,USA,,A,,INC_DISP_GINI,,_Z,,0_TO_1,,_T,,METH2012,,D_CUR,,_Z,,2020,,0.377,,A,,,,,,3,,,,,,,
DATAFLOW,OECD.WISE.INE:DSD_WISE_IDD@DF_IDD(1.0),,I,USA,,A,,INC_DISP_GINI,,_Z,,0_TO_1,,_T,,METH2012,,D_CUR,,_Z,,2019,,0.395,,A,,,,,,3,,,,,,,
DATAFLOW,OECD.WISE.INE:DSD_WISE_IDD@DF_IDD(1.0),,I,USA,,A,,INC_DISP_GINI,,_Z,,0_TO_1,,_T,,METH2012,,D_CUR,,_Z,,2018,,0.393,,A,,,,,,3,,,,,,,
DATAFLOW,OECD.WISE.INE:DSD_WISE_IDD@DF_IDD(1.0),,I,USA,,A,,INC_DISP_GINI,,_Z,,0_TO_1,,_T,,METH2012,,D_CUR,,_Z,,2017,,0.39,,A,,,,,,3,,,,,,,
DATAFLOW,OECD.WISE.INE:DSD_WISE_IDD@DF_IDD(1.0),,I,USA,,A,,INC_DISP_GINI,,_Z,,0_TO_1,,_T,,METH2012,,D_CUR,,_Z,,2016,,0.391,,A,,,,,,3,,,,,,,
DATAFLOW,OECD.WISE.INE:DSD_WISE_IDD@DF_IDD(1.0),,I,ESP,,A,,INC_DISP_GINI,,_Z,,0_TO_1,,_T,,METH2012,,D_CUR,,_Z,,2015,,0.344,,A,,,,,,3,,,,,,,
DATAFLOW,OECD.WISE.INE:DSD_WISE_IDD@DF_IDD(1.0),,I,ESP,,A,,INC_DISP_GINI,,_Z,,0_TO_1,,_T,,METH2012,,D_CUR,,_Z,,2014,,0.343,,A,,,,,,3,,,,,,,
DATAFLOW,OECD.WISE.INE:DSD_WISE_IDD@DF_IDD(1.0),,I,ESP,,A,,INC_DISP_GINI,,_Z,,0_TO_1,,_T,,METH2012,,D_CUR,,_Z,,2013,,0.345,,A,,,,,,3,,,,,,,
DATAFLOW,OECD.WISE.INE:DSD_WISE_IDD@DF_IDD(1.0),,I,ESP,,A,,INC_DISP_GINI,,_Z,,0_TO_1,,_T,,METH2012,,D_CUR,,_Z,,2012,,0.334,,A,,,,,,3,,,,,,,
DATAFLOW,OECD.WISE.INE:DSD_WISE_IDD@DF_IDD(1.0),,I,ESP,,A,,INC_DISP_GINI,,_Z,,0_TO_1,,_T,,METH2012,,D_CUR,,_Z,,2011,,0.341,,A,,,,,,3,,,,,,,
DATAFLOW,OECD.WISE.INE:DSD_WISE_IDD@DF_IDD(1.0),,I,ESP,,A,,INC_DISP_GINI,,_Z,,0_TO_1,,_T,,METH2012,,D_CUR,,_Z,,2010,,0.339,,A,,,,,,3,,,,,,,
DATAFLOW,OECD.WISE.INE:DSD_WISE_IDD@DF_IDD(1.0),,I,ESP,,A,,INC_DISP_GINI,,_Z,,0_TO_1,,_T,,METH2012,,D_CUR,,_Z,,2021,,0.32,,A,,,,,,3,,,,,,,
DATAFLOW,OECD.WISE.INE:DSD_WISE_IDD@DF_IDD(1.0),,I,ESP,,A,,INC_DISP_GINI,,_Z,,0_TO_1,,_T,,METH2012,,D_CUR,,_Z,,2020,,0.329,,A,,,,,,3,,,,,,,
DATAFLOW,OECD.WISE.INE:DSD_WISE_IDD@DF_IDD(1.0),,I,ESP,,A,,INC_DISP_GINI,,_Z,,0_TO_1,,_T,,METH2012,,D_CUR,,_Z,,2019,,0.32,,A,,,,,,3,,,,,,,
DATAFLOW,OECD.WISE.INE:DSD_WISE_IDD@DF_IDD(1.0),,I,ESP,,A,,INC_DISP_GINI,,_Z,,0_TO_1,,_T,,METH2012,,D_CUR,,_Z,,2018,,0.33,,A,,,,,,3,,,,,,,
DATAFLOW,OECD.WISE.INE:DSD_WISE_IDD@DF_IDD(1.0),,I,ESP,,A,,INC_DISP_GINI,,_Z,,0_TO_1,,_T,,METH2012,,D_CUR,,_Z,,2017,,0.333,,A,,,,,,3,,,,,,,
DATAFLOW,OECD.WISE.INE:DSD_WISE_IDD@DF_IDD(1.0),,I,ESP,,A,,INC_DISP_GINI,,_Z,,0_TO_1,,_T,,METH2012,,D_CUR,,_Z,,2016,,0.341,,A,,,,,,3,,,,,,,
DATAFLOW,OECD.WISE.INE:DSD_WISE_IDD@DF_IDD(1.0),,I,BGR,,A,,INC_DISP_GINI,,_Z,,0_TO_1,,_T,,METH2012,,D_CUR,,_Z,,2015,,0.377,,A,,,,,,3,,,,,,,
DATAFLOW,OECD.WISE.INE:DSD_WISE_IDD@DF_IDD(1.0),,I,BGR,,A,,INC_DISP_GINI,,_Z,,0_TO_1,,_T,,METH2012,,D_CUR,,_Z,,2014,,0.369,,A,,,,,,3,,,,,,,
DATAFLOW,OECD.WISE.INE:DSD_WISE_IDD@DF_IDD(1.0),,I,BGR,,A,,INC_DISP_GINI,,_Z,,0_TO_1,,_T,,METH2012,,D_CUR,,_Z,,2013,,0.354,,A,,,,,,3,,,,,,,
DATAFLOW,OECD.WISE.INE:DSD_WISE_IDD@DF_IDD(1.0),,I,BGR,,A,,INC_DISP_GINI,,_Z,,0_TO_1,,_T,,METH2012,,D_CUR,,_Z,,2012,,0.356,,A,,,,,,3,,,,,,,
DATAFLOW,OECD.WISE.INE:DSD_WISE_IDD@DF_IDD(1.0),,I,BGR,,A,,INC_DISP_GINI,,_Z,,0_TO_1,,_T,,METH2012,,D_CUR,,_Z,,2011,,0.34,,A,,,,,,3,,,,,,,
DATAFLOW,OECD.WISE.INE:DSD_WISE_IDD@DF_IDD(1.0),,I,BGR,,A,,INC_DISP_GINI,,_Z,,0_TO_1,,_T,,METH2012,,D_CUR,,_Z,,2010,,0.329,,A,,,,,,3,,,,,,,
DATAFLOW,OECD.WISE.INE:DSD_WISE_IDD@DF_IDD(1.0),,I,BGR,,A,,INC_DISP_GINI,,_Z,,0_TO_1,,_T,,METH2012,,D_CUR,,_Z,,2021,,0.383,,A,,,,,,3,,,,,,,
DATAFLOW,OECD.WISE.INE:DSD_WISE_IDD@DF_IDD(1.0),,I,BGR,,A,,INC_DISP_GINI,,_Z,,0_TO_1,,_T,,METH2012,,D_CUR,,_Z,,2020,,0.396,,A,,,,,,3,,,,,,,
DATAFLOW,OECD.WISE.INE:DSD_WISE_IDD@DF_IDD(1.0),,I,BGR,,A,,INC_DISP_GINI,,_Z,,0_TO_1,,_T,,METH2012,,D_CUR,,_Z,,2019,,0.402,,A,,,,,,3,,,,,,,
DATAFLOW,OECD.WISE.INE:DSD_WISE_IDD@DF_IDD(1.0),,I,BGR,,A,,INC_DISP_GINI,,_Z,,0_TO_1,,_T,,METH2012,,D_CUR,,_Z,,2018,,0.408,,A,,,,,,3,,,,,,,
DATAFLOW,OECD.WISE.INE:DSD_WISE_IDD@DF_IDD(1.0),,I,BGR,,A,,INC_DISP_GINI,,_Z,,0_TO_1,,_T,,METH2012,,D_CUR,,_Z,,2017,,0.395,,A,,,,,,3,,,,,,,
DATAFLOW,OECD.WISE.INE:DSD_WISE_IDD@DF_IDD(1.0),,I,BGR,,A,,INC_DISP_GINI,,_Z,,0_TO_1,,_T,,METH2012,,D_CUR,,_Z,,2016,,0.402,,A,,,,,,3,,,,,,,
DATAFLOW,OECD.WISE.INE:DSD_WISE_IDD@DF_IDD(1.0),,I,FRA,,A,,INC_DISP_GINI,,_Z,,0_TO_1,,_T,,METH2012,,D_CUR,,_Z,,2021,,0.298,,A,,,,,,3,,,,,,,
DATAFLOW,OECD.WISE.INE:DSD_WISE_IDD@DF_IDD(1.0),,I,FRA,,A,,INC_DISP_GINI,,_Z,,0_TO_1,,_T,,METH2012,,D_CUR,,_Z,,2020,,0.278,,A,,,,,,3,,,,,,,
DATAFLOW,OECD.WISE.INE:DSD_WISE_IDD@DF_IDD(1.0),,I,AUS,,A,,INC_DISP_GINI,,_Z,,0_TO_1,,_T,,METH2012,,D_CUR,,_Z,,2014,,0.337,,A,,,,,,3,,,,,,,
DATAFLOW,OECD.WISE.INE:DSD_WISE_IDD@DF_IDD(1.0),,I,AUS,,A,,INC_DISP_GINI,,_Z,,0_TO_1,,_T,,METH2012,,D_CUR,,_Z,,2012,,0.326,,A,,,,,,3,,,,,,,
DATAFLOW,OECD.WISE.INE:DSD_WISE_IDD@DF_IDD(1.0),,I,AUS,,A,,INC_DISP_GINI,,_Z,,0_TO_1,,_T,,METH2012,,D_CUR,,_Z,,2020,,0.318,,A,,,,,,3,,,,,,,
DATAFLOW,OECD.WISE.INE:DSD_WISE_IDD@DF_IDD(1.0),,I,AUS,,A,,INC_DISP_GINI,,_Z,,0_TO_1,,_T,,METH2012,,D_CUR,,_Z,,2018,,0.325,,A,,,,,,3,,,,,,,
DATAFLOW,OECD.WISE.INE:DSD_WISE_IDD@DF_IDD(1.0),,I,AUS,,A,,INC_DISP_GINI,,_Z,,0_TO_1,,_T,,METH2012,,D_CUR,,_Z,,2016,,0.33,,A,,,,,,3,,,,,,,
DATAFLOW,OECD.WISE.INE:DSD_WISE_IDD@DF_IDD(1.0),,I,SVK,,A,,INC_DISP_GINI,,_Z,,0_TO_1,,_T,,METH2012,,D_CUR,,_Z,,2015,,0.25,,A,,,,,,3,,,,,,,
DATAFLOW,OECD.WISE.INE:DSD_WISE_IDD@DF_IDD(1.0),,I,SVK,,A,,INC_DISP_GINI,,_Z,,0_TO_1,,_T,,METH2012,,D_CUR,,_Z,,2014,,0.247,,A,,,,,,3,,,,,,,
DATAFLOW,OECD.WISE.INE:DSD_WISE_IDD@DF_IDD(1.0),,I,SVK,,A,,INC_DISP_GINI,,_Z,,0_TO_1,,_T,,METH2012,,D_CUR,,_Z,,2013,,0.27,,A,,,,,,3,,,,,,,
DATAFLOW,OECD.WISE.INE:DSD_WISE_IDD@DF_IDD(1.0),,I,SVK,,A,,INC_DISP_GINI,,_Z,,0_TO_1,,_T,,METH2012,,D_CUR,,_Z,,2012,,0.251,,A,,,,,,3,,,,,,,
DATAFLOW,OECD.WISE.INE:DSD_WISE_IDD@DF_IDD(1.0),,I,SVK,,A,,INC_DISP_GINI,,_Z,,0_TO_1,,_T,,METH2012,,D_CUR,,_Z,,2011,,0.262,,A,,,,,,3,,,,,,,
DATAFLOW,OECD.WISE.INE:DSD_WISE_IDD@DF_IDD(1.0),,I,SVK,,A,,INC_DISP_GINI,,_Z,,0_TO_1,,_T,,METH2012,,D_CUR,,_Z,,2010,,0.265,,A,,,,,,3,,,,,,,
DATAFLOW,OECD.WISE.INE:DSD_WISE_IDD@DF_IDD(1.0),,I,SVK,,A,,INC_DISP_GINI,,_Z,,0_TO_1,,_T,,METH2012,,D_CUR,,_Z,,2021,,0.217,,A,,,,,,3,,,,,,,
DATAFLOW,OECD.WISE.INE:DSD_WISE_IDD@DF_IDD(1.0),,I,SVK,,A,,INC_DISP_GINI,,_Z,,0_TO_1,,_T,,METH2012,,D_CUR,,_Z,,2020,,0.229,,A,,,,,,3,,,,,,,
DATAFLOW,OECD.WISE.INE:DSD_WISE_IDD@DF_IDD(1.0),,I,SVK,,A,,INC_DISP_GINI,,_Z,,0_TO_1,,_T,,METH2012,,D_CUR,,_Z,,2019,,0.222,,A,,,,,,3,,,,,,,
DATAFLOW,OECD.WISE.INE:DSD_WISE_IDD@DF_IDD(1.0),,I,SVK,,A,,INC_DISP_GINI,,_Z,,0_TO_1,,_T,,METH2012,,D_CUR,,_Z,,2018,,0.236,,A,,,,,,3,,,,,,,
DATAFLOW,OECD.WISE.INE:DSD_WISE_IDD@DF_IDD(1.0),,I,SVK,,A,,INC_DISP_GINI,,_Z,,0_TO_1,,_T,,METH2012,,D_CUR,,_Z,,2017,,0.22,,A,,,,,,3,,,,,,,
DATAFLOW,OECD.WISE.INE:DSD_WISE_IDD@DF_IDD(1.0),,I,SVK,,A,,INC_DISP_GINI,,_Z,,0_TO_1,,_T,,METH2012,,D_CUR,,_Z,,2016,,0.241,,A,,,,,,3,,,,,,,
DATAFLOW,OECD.WISE.INE:DSD_WISE_IDD@DF_IDD(1.0),,I,SVN,,A,,INC_DISP_GINI,,_Z,,0_TO_1,,_T,,METH2012,,D_CUR,,_Z,,2015,,0.25,,A,,,,,,3,,,,,,,
DATAFLOW,OECD.WISE.INE:DSD_WISE_IDD@DF_IDD(1.0),,I,SVN,,A,,INC_DISP_GINI,,_Z,,0_TO_1,,_T,,METH2012,,D_CUR,,_Z,,2014,,0.251,,A,,,,,,3,,,,,,,
DATAFLOW,OECD.WISE.INE:DSD_WISE_IDD@DF_IDD(1.0),,I,SVN,,A,,INC_DISP_GINI,,_Z,,0_TO_1,,_T,,METH2012,,D_CUR,,_Z,,2013,,0.254,,A,,,,,,3,,,,,,,
DATAFLOW,OECD.WISE.INE:DSD_WISE_IDD@DF_IDD(1.0),,I,SVN,,A,,INC_DISP_GINI,,_Z,,0_TO_1,,_T,,METH2012,,D_CUR,,_Z,,2012,,0.249,,A,,,,,,3,,,,,,,
DATAFLOW,OECD.WISE.INE:DSD_WISE_IDD@DF_IDD(1.0),,I,SVN,,A,,INC_DISP_GINI,,_Z,,0_TO_1,,_T,,METH2012,,D_CUR,,_Z,,2011,,0.243,,A,,,,,,3,,,,,,,
DATAFLOW,OECD.WISE.INE:DSD_WISE_IDD@DF_IDD(1.0),,I,SVN,,A,,INC_DISP_GINI,,_Z,,0_TO_1,,_T,,METH2012,,D_CUR,,_Z,,2010,,0.245,,A,,,,,,3,,,,,,,
DATAFLOW,OECD.WISE.INE:DSD_WISE_IDD@DF_IDD(1.0),,I,SVN,,A,,INC_DISP_GINI,,_Z,,0_TO_1,,_T,,METH2012,,D_CUR,,_Z,,2021,,0.242,,A,,,,,,3,,,,,,,
DATAFLOW,OECD.WISE.INE:DSD_WISE_IDD@DF_IDD(1.0),,I,SVN,,A,,INC_DISP_GINI,,_Z,,0_TO_1,,_T,,METH2012,,D_CUR,,_Z,,2020,,0.238,,A,,,,,,3,,,,,,,
DATAFLOW,OECD.WISE.INE:DSD_WISE_IDD@DF_IDD(1.0),,I,SVN,,A,,INC_DISP_GINI,,_Z,,0_TO_1,,_T,,METH2012,,D_CUR,,_Z,,2019,,0.246,,A,,,,,,3,,,,,,,
DATAFLOW,OECD.WISE.INE:DSD_WISE_IDD@DF_IDD(1.0),,I,SVN,,A,,INC_DISP_GINI,,_Z,,0_TO_1,,_T,,METH2012,,D_CUR,,_Z,,2018,,0.249,,A,,,,,,3,,,,,,,
DATAFLOW,OECD.WISE.INE:DSD_WISE_IDD@DF_IDD(1.0),,I,SVN,,A,,INC_DISP_GINI,,_Z,,0_TO_1,,_T,,METH2012,,D_CUR,,_Z,,2017,,0.243,,A,,,,,,3,,,,,,,
DATAFLOW,OECD.WISE.INE:DSD_WISE_IDD@DF_IDD(1.0),,I,SVN,,A,,INC_DISP_GINI,,_Z,,0_TO_1,,_T,,METH2012,,D_CUR,,_Z,,2016,,0.244,,A,,,,,,3,,,,,,,
DATAFLOW,OECD.WISE.INE:DSD_WISE_IDD@DF_IDD(1.0),,I,RUS,,A,,INC_DISP_GINI,,_Z,,0_TO_1,,_T,,METH2012,,D_CUR,,_Z,,2017,,0.317,,A,,,,,,3,,,,,,,
DATAFLOW,OECD.WISE.INE:DSD_WISE_IDD@DF_IDD(1.0),,I,RUS,,A,,INC_DISP_GINI,,_Z,,0_TO_1,,_T,,METH2012,,D_CUR,,_Z,,2016,,0.331,,A,,,,,,3,,,,,,,
DATAFLOW,OECD.WISE.INE:DSD_WISE_IDD@DF_IDD(1.0),,I,RUS,,A,,INC_DISP_GINI,,_Z,,0_TO_1,,_T,,METH2012,,D_CUR,,_Z,,2011,,0.376,,A,,,,,,3,,,,,,,
DATAFLOW,OECD.WISE.INE:DSD_WISE_IDD@DF_IDD(1.0),,I,MEX,,A,,INC_DISP_GINI,,_Z,,0_TO_1,,_T,,METH2012,,D_CUR,,_Z,,2022,,0.4,,A,,,,,,3,,,,,,,
DATAFLOW,OECD.WISE.INE:DSD_WISE_IDD@DF_IDD(1.0),,I,MEX,,A,,INC_DISP_GINI,,_Z,,0_TO_1,,_T,,METH2012,,D_CUR,,_Z,,2020,,0.42,,A,,,,,,3,,,,,,,
DATAFLOW,OECD.WISE.INE:DSD_WISE_IDD@DF_IDD(1.0),,I,MEX,,A,,INC_DISP_GINI,,_Z,,0_TO_1,,_T,,METH2012,,D_CUR,,_Z,,2018,,0.418,,A,,,,,,3,,,,,,,
DATAFLOW,OECD.WISE.INE:DSD_WISE_IDD@DF_IDD(1.0),,I,MEX,,A,,INC_DISP_GINI,,_Z,,0_TO_1,,_T,,METH2012,,D_CUR,,_Z,,2016,,0.459,,A,,,,,,3,,,,,,,
DATAFLOW,OECD.WISE.INE:DSD_WISE_IDD@DF_IDD(1.0),,I,MEX,,A,,INC_DISP_GINI,,_Z,,0_TO_1,,_T,,METH2012,,D_CUR,,_Z,,2014,,0.459,,A,,,,,,3,,,,,,,
DATAFLOW,OECD.WISE.INE:DSD_WISE_IDD@DF_IDD(1.0),,I,MEX,,A,,INC_DISP_GINI,,_Z,,0_TO_1,,_T,,METH2012,,D_CUR,,_Z,,2012,,0.457,,A,,,,,,3,,,,,,,
DATAFLOW,OECD.WISE.INE:DSD_WISE_IDD@DF_IDD(1.0),,I,GRC,,A,,INC_DISP_GINI,,_Z,,0_TO_1,,_T,,METH2012,,D_CUR,,_Z,,2015,,0.34,,A,,,,,,3,,,,,,,
DATAFLOW,OECD.WISE.INE:DSD_WISE_IDD@DF_IDD(1.0),,I,GRC,,A,,INC_DISP_GINI,,_Z,,0_TO_1,,_T,,METH2012,,D_CUR,,_Z,,2014,,0.339,,A,,,,,,3,,,,,,,
DATAFLOW,OECD.WISE.INE:DSD_WISE_IDD@DF_IDD(1.0),,I,GRC,,A,,INC_DISP_GINI,,_Z,,0_TO_1,,_T,,METH2012,,D_CUR,,_Z,,2013,,0.342,,A,,,,,,3,,,,,,,
DATAFLOW,OECD.WISE.INE:DSD_WISE_IDD@DF_IDD(1.0),,I,GRC,,A,,INC_DISP_GINI,,_Z,,0_TO_1,,_T,,METH2012,,D_CUR,,_Z,,2012,,0.338,,A,,,,,,3,,,,,,,
DATAFLOW,OECD.WISE.INE:DSD_WISE_IDD@DF_IDD(1.0),,I,GRC,,A,,INC_DISP_GINI,,_Z,,0_TO_1,,_T,,METH2012,,D_CUR,,_Z,,2011,,0.333,,A,,,,,,3,,,,,,,
DATAFLOW,OECD.WISE.INE:DSD_WISE_IDD@DF_IDD(1.0),,I,GRC,,A,,INC_DISP_GINI,,_Z,,0_TO_1,,_T,,METH2012,,D_CUR,,_Z,,2010,,0.336,,A,,,,,,3,,,,,,,
DATAFLOW,OECD.WISE.INE:DSD_WISE_IDD@DF_IDD(1.0),,I,GRC,,A,,INC_DISP_GINI,,_Z,,0_TO_1,,_T,,METH2012,,D_CUR,,_Z,,2021,,0.312,,A,,,,,,3,,,,,,,
DATAFLOW,OECD.WISE.INE:DSD_WISE_IDD@DF_IDD(1.0),,I,GRC,,A,,INC_DISP_GINI,,_Z,,0_TO_1,,_T,,METH2012,,D_CUR,,_Z,,2020,,0.32,,A,,,,,,3,,,,,,,
DATAFLOW,OECD.WISE.INE:DSD_WISE_IDD@DF_IDD(1.0),,I,GRC,,A,,INC_DISP_GINI,,_Z,,0_TO_1,,_T,,METH2012,,D_CUR,,_Z,,2019,,0.312,,A,,,,,,3,,,,,,,
DATAFLOW,OECD.WISE.INE:DSD_WISE_IDD@DF_IDD(1.0),,I,GRC,,A,,INC_DISP_GINI,,_Z,,0_TO_1,,_T,,METH2012,,D_CUR,,_Z,,2018,,0.306,,A,,,,,,3,,,,,,,
DATAFLOW,OECD.WISE.INE:DSD_WISE_IDD@DF_IDD(1.0),,I,GRC,,A,,INC_DISP_GINI,,_Z,,0_TO_1,,_T,,METH2012,,D_CUR,,_Z,,2017,,0.319,,A,,,,,,3,,,,,,,
DATAFLOW,OECD.WISE.INE:DSD_WISE_IDD@DF_IDD(1.0),,I,GRC,,A,,INC_DISP_GINI,,_Z,,0_TO_1,,_T,,METH2012,,D_CUR,,_Z,,2016,,0.333,,A,,,,,,3,,,,,,,
