STRUCTURE,STRUCTURE_ID,STRUCTURE_NAME,ACTION,REF_AREA,,FREQ,,MEASURE,,UNIT_MEASURE,,EXPEND_SOURCE,,SPENDING_TYPE,,PROGRAMME_TYPE,,PRICE_BASE,,TIME_PERIOD,,OBS_VALUE,,OBS_STATUS,,UNIT_MULT,,DECIMALS,,CURRENCY,,BASE_PER,
DATAFLOW,OECD.ELS.SPD:DSD_SOCX_AGG@DF_SOCX_AGG(1.0),,I,ISR,,A,,SOCX,,PT_B1GQ,,ES10_20,,_T,,_T,,_Z,,2016,,15.495,,A,,0,,1,,_Z,,,
DATAFLOW,OECD.ELS.SPD:DSD_SOCX_AGG@DF_SOCX_AGG(1.0),,I,ISR,,A,,SOCX,,PT_B1GQ,,ES10_20,,_T,,_T,,_Z,,2017,,16.131,,A,,0,,1,,_Z,,,
DATAFLOW,OECD.ELS.SPD:DSD_SOCX_AGG@DF_SOCX_AGG(1.0),,I,ISR,,A,,SOCX,,PT_B1GQ,,ES10_20,,_T,,_T,,_Z,,2018,,16.141,,A,,0,,1,,_Z,,,
DATAFLOW,OECD.ELS.SPD:DSD_SOCX_AGG@DF_SOCX_AGG(1.0),,I,ISR,,A,,SOCX,,PT_B1GQ,,ES10_20,,_T,,_T,,_Z,,2019,,16.346,,A,,0,,1,,_Z,,,
DATAFLOW,OECD.ELS.SPD:DSD_SOCX_AGG@DF_SOCX_AGG(1.0),,I,ISR,,A,,SOCX,,PT_B1GQ,,ES10_20,,_T,,_T,,_Z,,2020,,20.262,,A,,0,,1,,_Z,,,
DATAFLOW,OECD.ELS.SPD:DSD_SOCX_AGG@DF_SOCX_AGG(1.0),,I,ISR,,A,,SOCX,,PT_B1GQ,,ES10_20,,_T,,_T,,_Z,,2021,,18.343,,A,,0,,1,,_Z,,,
DATAFLOW,OECD.ELS.SPD:DSD_SOCX_AGG@DF_SOCX_AGG(1.0),,I,ISR,,A,,SOCX,,PT_B1GQ,,ES10_20,,_T,,_T,,_Z,,2010,,15.523,,A,,0,,1,,_Z,,,
DATAFLOW,OECD.ELS.SPD:DSD_SOCX_AGG@DF_SOCX_AGG(1.0),,I,ISR,,A,,SOCX,,PT_B1GQ,,ES10_20,,_T,,_T,,_Z,,2011,,15.22,,A,,0,,1,,_Z,,,
DATAFLOW,OECD.ELS.SPD:DSD_SOCX_AGG@DF_SOCX_AGG(1.0),,I,ISR,,A,,SOCX,,PT_B1GQ,,ES10_20,,_T,,_T,,_Z,,2012,,15.409,,A,,0,,1,,_Z,,,
DATAFLOW,OECD.ELS.SPD:DSD_SOCX_AGG@DF_SOCX_AGG(1.0),,I,ISR,,A,,SOCX,,PT_B1GQ,,ES10_20,,_T,,_T,,_Z,,2013,,15.456,,A,,0,,1,,_Z,,,
DATAFLOW,OECD.ELS.SPD:DSD_SOCX_AGG@DF_SOCX_AGG(1.0),,I,ISR,,A,,SOCX,,PT_B1GQ,,ES10_20,,_T,,_T,,_Z,,2014,,15.451,,A,,0,,1,,_Z,,,
DATAFLOW,OECD.ELS.SPD:DSD_SOCX_AGG@DF_SOCX_AGG(1.0),,I,ISR,,A,,SOCX,,PT_B1GQ,,ES10_20,,_T,,_T,,_Z,,2015,,15.475,,A,,0,,1,,_Z,,,
DATAFLOW,OECD.ELS.SPD:DSD_SOCX_AGG@DF_SOCX_AGG(1.0),,I,USA,,A,,SOCX,,PT_B1GQ,,ES10_20,,_T,,_T,,_Z,,2015,,24.225,,A,,0,,1,,_Z,,,
DATAFLOW,OECD.ELS.SPD:DSD_SOCX_AGG@DF_SOCX_AGG(1.0),,I,USA,,A,,SOCX,,PT_B1GQ,,ES10_20,,_T,,_T,,_Z,,2016,,24.474,,A,,0,,1,,_Z,,,
DATAFLOW,OECD.ELS.SPD:DSD_SOCX_AGG@DF_SOCX_AGG(1.0),,I,USA,,A,,SOCX,,PT_B1GQ,,ES10_20,,_T,,_T,,_Z,,2017,,24.333,,A,,0,,1,,_Z,,,
DATAFLOW,OECD.ELS.SPD:DSD_SOCX_AGG@DF_SOCX_AGG(1.0),,I,USA,,A,,SOCX,,PT_B1GQ,,ES10_20,,_T,,_T,,_Z,,2018,,24.07,,A,,0,,1,,_Z,,,
DATAFLOW,OECD.ELS.SPD:DSD_SOCX_AGG@DF_SOCX_AGG(1.0),,I,USA,,A,,SOCX,,PT_B1GQ,,ES10_20,,_T,,_T,,_Z,,2019,,24.015,,A,,0,,1,,_Z,,,
DATAFLOW,OECD.ELS.SPD:DSD_SOCX_AGG@DF_SOCX_AGG(1.0),,I,USA,,A,,SOCX,,PT_B1GQ,,ES10_20,,_T,,_T,,_Z,,2020,,29.669,,A,,0,,1,,_Z,,,
DATAFLOW,OECD.ELS.SPD:DSD_SOCX_AGG@DF_SOCX_AGG(1.0),,I,USA,,A,,SOCX,,PT_B1GQ,,ES10_20,,_T,,_T,,_Z,,2010,,19.339,,A,,0,,1,,_Z,,,
DATAFLOW,OECD.ELS.SPD:DSD_SOCX_AGG@DF_SOCX_AGG(1.0),,I,USA,,A,,SOCX,,PT_B1GQ,,ES10_20,,_T,,_T,,_Z,,2011,,19.041,,A,,0,,1,,_Z,,,
DATAFLOW,OECD.ELS.SPD:DSD_SOCX_AGG@DF_SOCX_AGG(1.0),,I,USA,,A,,SOCX,,PT_B1GQ,,ES10_20,,_T,,_T,,_Z,,2012,,18.77,,A,,0,,1,,_Z,,,
DATAFLOW,OECD.ELS.SPD:DSD_SOCX_AGG@DF_SOCX_AGG(1.0),,I,USA,,A,,SOCX,,PT_B1GQ,,ES10_20,,_T,,_T,,_Z,,2013,,18.734,,A,,0,,1,,_Z,,,
DATAFLOW,OECD.ELS.SPD:DSD_SOCX_AGG@DF_SOCX_AGG(1.0),,I,USA,,A,,SOCX,,PT_B1GQ,,ES10_20,,_T,,_T,,_Z,,2014,,24.039,,A,,0,,1,,_Z,,,
DATAFLOW,OECD.ELS.SPD:DSD_SOCX_AGG@DF_SOCX_AGG(1.0),,I,BEL,,A,,SOCX,,PT_B1GQ,,ES10_20,,_T,,_T,,_Z,,2015,,29.06,,A,,0,,1,,_Z,,,
DATAFLOW,OECD.ELS.SPD:DSD_SOCX_AGG@DF_SOCX_AGG(1.0),,I,BEL,,A,,SOCX,,PT_B1GQ,,ES10_20,,_T,,_T,,_Z,,2016,,28.43,,A,,0,,1,,_Z,,,
DATAFLOW,OECD.ELS.SPD:DSD_SOCX_AGG@DF_SOCX_AGG(1.0),,I,BEL,,A,,SOCX,,PT_B1GQ,,ES10_20,,_T,,_T,,_Z,,2017,,28.28,,A,,0,,1,,_Z,,,
DATAFLOW,OECD.ELS.SPD:DSD_SOCX_AGG@DF_SOCX_AGG(1.0),,I,BEL,,A,,SOCX,,PT_B1GQ,,ES10_20,,_T,,_T,,_Z,,2018,,28.36,,A,,0,,1,,_Z,,,
DATAFLOW,OECD.ELS.SPD:DSD_SOCX_AGG@DF_SOCX_AGG(1.0),,I,BEL,,A,,SOCX,,PT_B1GQ,,ES10_20,,_T,,_T,,_Z,,2019,,28.222,,A,,0,,1,,_Z,,,
DATAFLOW,OECD.ELS.SPD:DSD_SOCX_AGG@DF_SOCX_AGG(1.0),,I,BEL,,A,,SOCX,,PT_B1GQ,,ES10_20,,_T,,_T,,_Z,,2010,,27.671,,A,,0,,1,,_Z,,,
DATAFLOW,OECD.ELS.SPD:DSD_SOCX_AGG@DF_SOCX_AGG(1.0),,I,BEL,,A,,SOCX,,PT_B1GQ,,ES10_20,,_T,,_T,,_Z,,2011,,28.106,,A,,0,,1,,_Z,,,
DATAFLOW,OECD.ELS.SPD:DSD_SOCX_AGG@DF_SOCX_AGG(1.0),,I,BEL,,A,,SOCX,,PT_B1GQ,,ES10_20,,_T,,_T,,_Z,,2012,,27.967,,A,,0,,1,,_Z,,,
DATAFLOW,OECD.ELS.SPD:DSD_SOCX_AGG@DF_SOCX_AGG(1.0),,I,BEL,,A,,SOCX,,PT_B1GQ,,ES10_20,,_T,,_T,,_Z,,2013,,28.345,,A,,0,,1,,_Z,,,
DATAFLOW,OECD.ELS.SPD:DSD_SOCX_AGG@DF_SOCX_AGG(1.0),,I,BEL,,A,,SOCX,,PT_B1GQ,,ES10_20,,_T,,_T,,_Z,,2014,,28.399,,A,,0,,1,,_Z,,,
DATAFLOW,OECD.ELS.SPD:DSD_SOCX_AGG@DF_SOCX_AGG(1.0),,I,CHL,,A,,SOCX,,PT_B1GQ,,ES10_20,,_T,,_T,,_Z,,2015,,13.931,,A,,0,,1,,_Z,,,
DATAFLOW,OECD.ELS.SPD:DSD_SOCX_AGG@DF_SOCX_AGG(1.0),,I,CHL,,A,,SOCX,,PT_B1GQ,,ES10_20,,_T,,_T,,_Z,,2016,,14.13,,A,,0,,1,,_Z,,,
DATAFLOW,OECD.ELS.SPD:DSD_SOCX_AGG@DF_SOCX_AGG(1.0),,I,CHL,,A,,SOCX,,PT_B1GQ,,ES10_20,,_T,,_T,,_Z,,2017,,14.546,,A,,0,,1,,_Z,,,
DATAFLOW,OECD.ELS.SPD:DSD_SOCX_AGG@DF_SOCX_AGG(1.0),,I,CHL,,A,,SOCX,,PT_B1GQ,,ES10_20,,_T,,_T,,_Z,,2018,,14.595,,A,,0,,1,,_Z,,,
DATAFLOW,OECD.ELS.SPD:DSD_SOCX_AGG@DF_SOCX_AGG(1.0),,I,CHL,,A,,SOCX,,PT_B1GQ,,ES10_20,,_T,,_T,,_Z,,2019,,15.024,,A,,0,,1,,_Z,,,
DATAFLOW,OECD.ELS.SPD:DSD_SOCX_AGG@DF_SOCX_AGG(1.0),,I,CHL,,A,,SOCX,,PT_B1GQ,,ES10_20,,_T,,_T,,_Z,,2020,,18.819,,A,,0,,1,,_Z,,,
DATAFLOW,OECD.ELS.SPD:DSD_SOCX_AGG@DF_SOCX_AGG(1.0),,I,CHL,,A,,SOCX,,PT_B1GQ,,ES10_20,,_T,,_T,,_Z,,2021,,22.744,,A,,0,,1,,_Z,,,
DATAFLOW,OECD.ELS.SPD:DSD_SOCX_AGG@DF_SOCX_AGG(1.0),,I,CHL,,A,,SOCX,,PT_B1GQ,,ES10_20,,_T,,_T,,_Z,,2010,,13.188,,A,,0,,1,,_Z,,,
DATAFLOW,OECD.ELS.SPD:DSD_SOCX_AGG@DF_SOCX_AGG(1.0),,I,CHL,,A,,SOCX,,PT_B1GQ,,ES10_20,,_T,,_T,,_Z,,2011,,12.807,,A,,0,,1,,_Z,,,
DATAFLOW,OECD.ELS.SPD:DSD_SOCX_AGG@DF_SOCX_AGG(1.0),,I,CHL,,A,,SOCX,,PT_B1GQ,,ES10_20,,_T,,_T,,_Z,,2012,,12.917,,A,,0,,1,,_Z,,,
DATAFLOW,OECD.ELS.SPD:DSD_SOCX_AGG@DF_SOCX_AGG(1.0),,I,CHL,,A,,SOCX,,PT_B1GQ,,ES10_20,,_T,,_T,,_Z,,2013,,12.991,,A,,0,,1,,_Z,,,
DATAFLOW,OECD.ELS.SPD:DSD_SOCX_AGG@DF_SOCX_AGG(1.0),,I,CHL,,A,,SOCX,,PT_B1GQ,,ES10_20,,_T,,_T,,_Z,,2014,,13.312,,A,,0,,1,,_Z,,,
DATAFLOW,OECD.ELS.SPD:DSD_SOCX_AGG@DF_SOCX_AGG(1.0),,I,CRI,,A,,SOCX,,PT_B1GQ,,ES10_20,,_T,,_T,,_Z,,2019,,12.691,,A,,0,,1,,_Z,,,
DATAFLOW,OECD.ELS.SPD:DSD_SOCX_AGG@DF_SOCX_AGG(1.0),,I,CRI,,A,,SOCX,,PT_B1GQ,,ES10_20,,_T,,_T,,_Z,,2020,,14.881,,A,,0,,1,,_Z,,,
DATAFLOW,OECD.ELS.SPD:DSD_SOCX_AGG@DF_SOCX_AGG(1.0),,I,NLD,,A,,SOCX,,PT_B1GQ,,ES10_20,,_T,,_T,,_Z,,2015,,23.955,,A,,0,,1,,_Z,,,
DATAFLOW,OECD.ELS.SPD:DSD_SOCX_AGG@DF_SOCX_AGG(1.0),,I,NLD,,A,,SOCX,,PT_B1GQ,,ES10_20,,_T,,_T,,_Z,,2016,,23.814,,A,,0,,1,,_Z,,,
DATAFLOW,OECD.ELS.SPD:DSD_SOCX_AGG@DF_SOCX_AGG(1.0),,I,NLD,,A,,SOCX,,PT_B1GQ,,ES10_20,,_T,,_T,,_Z,,2017,,23.25,,A,,0,,1,,_Z,,,
DATAFLOW,OECD.ELS.SPD:DSD_SOCX_AGG@DF_SOCX_AGG(1.0),,I,NLD,,A,,SOCX,,PT_B1GQ,,ES10_20,,_T,,_T,,_Z,,2018,,22.876,,A,,0,,1,,_Z,,,
DATAFLOW,OECD.ELS.SPD:DSD_SOCX_AGG@DF_SOCX_AGG(1.0),,I,NLD,,A,,SOCX,,PT_B1GQ,,ES10_20,,_T,,_T,,_Z,,2019,,22.884,,A,,0,,1,,_Z,,,
DATAFLOW,OECD.ELS.SPD:DSD_SOCX_AGG@DF_SOCX_AGG(1.0),,I,CRI,,A,,SOCX,,PT_B1GQ,,ES10_20,,_T,,_T,,_Z,,2011,,12.578,,A,,0,,1,,_Z,,,
DATAFLOW,OECD.ELS.SPD:DSD_SOCX_AGG@DF_SOCX_AGG(1.0),,I,CRI,,A,,SOCX,,PT_B1GQ,,ES10_20,,_T,,_T,,_Z,,2012,,12.283,,A,,0,,1,,_Z,,,
DATAFLOW,OECD.ELS.SPD:DSD_SOCX_AGG@DF_SOCX_AGG(1.0),,I,CRI,,A,,SOCX,,PT_B1GQ,,ES10_20,,_T,,_T,,_Z,,2013,,12.754,,A,,0,,1,,_Z,,,
DATAFLOW,OECD.ELS.SPD:DSD_SOCX_AGG@DF_SOCX_AGG(1.0),,I,CRI,,A,,SOCX,,PT_B1GQ,,ES10_20,,_T,,_T,,_Z,,2014,,12.496,,A,,0,,1,,_Z,,,
DATAFLOW,OECD.ELS.SPD:DSD_SOCX_AGG@DF_SOCX_AGG(1.0),,I,CRI,,A,,SOCX,,PT_B1GQ,,ES10_20,,_T,,_T,,_Z,,2015,,12.904,,A,,0,,1,,_Z,,,
DATAFLOW,OECD.ELS.SPD:DSD_SOCX_AGG@DF_SOCX_AGG(1.0),,I,CRI,,A,,SOCX,,PT_B1GQ,,ES10_20,,_T,,_T,,_Z,,2016,,12.627,,A,,0,,1,,_Z,,,
DATAFLOW,OECD.ELS.SPD:DSD_SOCX_AGG@DF_SOCX_AGG(1.0),,I,CRI,,A,,SOCX,,PT_B1GQ,,ES10_20,,_T,,_T,,_Z,,2017,,12.493,,A,,0,,1,,_Z,,,
DATAFLOW,OECD.ELS.SPD:DSD_SOCX_AGG@DF_SOCX_AGG(1.0),,I,CRI,,A,,SOCX,,PT_B1GQ,,ES10_20,,_T,,_T,,_Z,,2018,,12.849,,A,,0,,1,,_Z,,,
DATAFLOW,OECD.ELS.SPD:DSD_SOCX_AGG@DF_SOCX_AGG(1.0),,I,NLD,,A,,SOCX,,PT_B1GQ,,ES10_20,,_T,,_T,,_Z,,2010,,23.584,,A,,0,,1,,_Z,,,
DATAFLOW,OECD.ELS.SPD:DSD_SOCX_AGG@DF_SOCX_AGG(1.0),,I,NLD,,A,,SOCX,,PT_B1GQ,,ES10_20,,_T,,_T,,_Z,,2011,,23.617,,A,,0,,1,,_Z,,,
DATAFLOW,OECD.ELS.SPD:DSD_SOCX_AGG@DF_SOCX_AGG(1.0),,I,NLD,,A,,SOCX,,PT_B1GQ,,ES10_20,,_T,,_T,,_Z,,2012,,23.877,,A,,0,,1,,_Z,,,
DATAFLOW,OECD.ELS.SPD:DSD_SOCX_AGG@DF_SOCX_AGG(1.0),,I,NLD,,A,,SOCX,,PT_B1GQ,,ES10_20,,_T,,_T,,_Z,,2013,,24.07,,A,,0,,1,,_Z,,,
DATAFLOW,OECD.ELS.SPD:DSD_SOCX_AGG@DF_SOCX_AGG(1.0),,I,NLD,,A,,SOCX,,PT_B1GQ,,ES10_20,,_T,,_T,,_Z,,2014,,23.85,,A,,0,,1,,_Z,,,
DATAFLOW,OECD.ELS.SPD:DSD_SOCX_AGG@DF_SOCX_AGG(1.0),,I,HUN,,A,,SOCX,,PT_B1GQ,,ES10_20,,_T,,_T,,_Z,,2016,,20.17,,A,,0,,1,,_Z,,,
DATAFLOW,OECD.ELS.SPD:DSD_SOCX_AGG@DF_SOCX_AGG(1.0),,I,HUN,,A,,SOCX,,PT_B1GQ,,ES10_20,,_T,,_T,,_Z,,2017,,19.434,,A,,0,,1,,_Z,,,
DATAFLOW,OECD.ELS.SPD:DSD_SOCX_AGG@DF_SOCX_AGG(1.0),,I,HUN,,A,,SOCX,,PT_B1GQ,,ES10_20,,_T,,_T,,_Z,,2018,,18.616,,A,,0,,1,,_Z,,,
DATAFLOW,OECD.ELS.SPD:DSD_SOCX_AGG@DF_SOCX_AGG(1.0),,I,HUN,,A,,SOCX,,PT_B1GQ,,ES10_20,,_T,,_T,,_Z,,2019,,17.636,,A,,0,,1,,_Z,,,
DATAFLOW,OECD.ELS.SPD:DSD_SOCX_AGG@DF_SOCX_AGG(1.0),,I,HUN,,A,,SOCX,,PT_B1GQ,,ES10_20,,_T,,_T,,_Z,,2010,,22.805,,A,,0,,1,,_Z,,,
DATAFLOW,OECD.ELS.SPD:DSD_SOCX_AGG@DF_SOCX_AGG(1.0),,I,HUN,,A,,SOCX,,PT_B1GQ,,ES10_20,,_T,,_T,,_Z,,2011,,22.163,,A,,0,,1,,_Z,,,
DATAFLOW,OECD.ELS.SPD:DSD_SOCX_AGG@DF_SOCX_AGG(1.0),,I,HUN,,A,,SOCX,,PT_B1GQ,,ES10_20,,_T,,_T,,_Z,,2012,,22.478,,A,,0,,1,,_Z,,,
DATAFLOW,OECD.ELS.SPD:DSD_SOCX_AGG@DF_SOCX_AGG(1.0),,I,HUN,,A,,SOCX,,PT_B1GQ,,ES10_20,,_T,,_T,,_Z,,2013,,22.169,,A,,0,,1,,_Z,,,
DATAFLOW,OECD.ELS.SPD:DSD_SOCX_AGG@DF_SOCX_AGG(1.0),,I,HUN,,A,,SOCX,,PT_B1GQ,,ES10_20,,_T,,_T,,_Z,,2014,,21.322,,A,,0,,1,,_Z,,,
DATAFLOW,OECD.ELS.SPD:DSD_SOCX_AGG@DF_SOCX_AGG(1.0),,I,HUN,,A,,SOCX,,PT_B1GQ,,ES10_20,,_T,,_T,,_Z,,2015,,20.349,,A,,0,,1,,_Z,,,
DATAFLOW,OECD.ELS.SPD:DSD_SOCX_AGG@DF_SOCX_AGG(1.0),,I,SVN,,A,,SOCX,,PT_B1GQ,,ES10_20,,_T,,_T,,_Z,,2016,,22.246,,A,,0,,1,,_Z,,,
DATAFLOW,OECD.ELS.SPD:DSD_SOCX_AGG@DF_SOCX_AGG(1.0),,I,SVN,,A,,SOCX,,PT_B1GQ,,ES10_20,,_T,,_T,,_Z,,2017,,21.485,,A,,0,,1,,_Z,,,
DATAFLOW,OECD.ELS.SPD:DSD_SOCX_AGG@DF_SOCX_AGG(1.0),,I,SVN,,A,,SOCX,,PT_B1GQ,,ES10_20,,_T,,_T,,_Z,,2018,,21.325,,A,,0,,1,,_Z,,,
DATAFLOW,OECD.ELS.SPD:DSD_SOCX_AGG@DF_SOCX_AGG(1.0),,I,SVN,,A,,SOCX,,PT_B1GQ,,ES10_20,,_T,,_T,,_Z,,2019,,21.472,,A,,0,,1,,_Z,,,
DATAFLOW,OECD.ELS.SPD:DSD_SOCX_AGG@DF_SOCX_AGG(1.0),,I,SVN,,A,,SOCX,,PT_B1GQ,,ES10_20,,_T,,_T,,_Z,,2010,,23.355,,A,,0,,1,,_Z,,,
DATAFLOW,OECD.ELS.SPD:DSD_SOCX_AGG@DF_SOCX_AGG(1.0),,I,SVN,,A,,SOCX,,PT_B1GQ,,ES10_20,,_T,,_T,,_Z,,2011,,23.441,,A,,0,,1,,_Z,,,
DATAFLOW,OECD.ELS.SPD:DSD_SOCX_AGG@DF_SOCX_AGG(1.0),,I,SVN,,A,,SOCX,,PT_B1GQ,,ES10_20,,_T,,_T,,_Z,,2012,,23.473,,A,,0,,1,,_Z,,,
DATAFLOW,OECD.ELS.SPD:DSD_SOCX_AGG@DF_SOCX_AGG(1.0),,I,SVN,,A,,SOCX,,PT_B1GQ,,ES10_20,,_T,,_T,,_Z,,2013,,23.802,,A,,0,,1,,_Z,,,
DATAFLOW,OECD.ELS.SPD:DSD_SOCX_AGG@DF_SOCX_AGG(1.0),,I,SVN,,A,,SOCX,,PT_B1GQ,,ES10_20,,_T,,_T,,_Z,,2014,,23.089,,A,,0,,1,,_Z,,,
DATAFLOW,OECD.ELS.SPD:DSD_SOCX_AGG@DF_SOCX_AGG(1.0),,I,SVN,,A,,SOCX,,PT_B1GQ,,ES10_20,,_T,,_T,,_Z,,2015,,22.65,,A,,0,,1,,_Z,,,
DATAFLOW,OECD.ELS.SPD:DSD_SOCX_AGG@DF_SOCX_AGG(1.0),,I,NOR,,A,,SOCX,,PT_B1GQ,,ES10_20,,_T,,_T,,_Z,,2016,,27.25,,A,,0,,1,,_Z,,,
DATAFLOW,OECD.ELS.SPD:DSD_SOCX_AGG@DF_SOCX_AGG(1.0),,I,NOR,,A,,SOCX,,PT_B1GQ,,ES10_20,,_T,,_T,,_Z,,2017,,26.406,,A,,0,,1,,_Z,,,
DATAFLOW,OECD.ELS.SPD:DSD_SOCX_AGG@DF_SOCX_AGG(1.0),,I,NOR,,A,,SOCX,,PT_B1GQ,,ES10_20,,_T,,_T,,_Z,,2018,,25.431,,A,,0,,1,,_Z,,,
DATAFLOW,OECD.ELS.SPD:DSD_SOCX_AGG@DF_SOCX_AGG(1.0),,I,NOR,,A,,SOCX,,PT_B1GQ,,ES10_20,,_T,,_T,,_Z,,2019,,26.535,,A,,0,,1,,_Z,,,
DATAFLOW,OECD.ELS.SPD:DSD_SOCX_AGG@DF_SOCX_AGG(1.0),,I,NOR,,A,,SOCX,,PT_B1GQ,,ES10_20,,_T,,_T,,_Z,,2010,,23.305,,A,,0,,1,,_Z,,,
DATAFLOW,OECD.ELS.SPD:DSD_SOCX_AGG@DF_SOCX_AGG(1.0),,I,NOR,,A,,SOCX,,PT_B1GQ,,ES10_20,,_T,,_T,,_Z,,2011,,22.823,,A,,0,,1,,_Z,,,
DATAFLOW,OECD.ELS.SPD:DSD_SOCX_AGG@DF_SOCX_AGG(1.0),,I,NOR,,A,,SOCX,,PT_B1GQ,,ES10_20,,_T,,_T,,_Z,,2012,,22.644,,A,,0,,1,,_Z,,,
DATAFLOW,OECD.ELS.SPD:DSD_SOCX_AGG@DF_SOCX_AGG(1.0),,I,NOR,,A,,SOCX,,PT_B1GQ,,ES10_20,,_T,,_T,,_Z,,2013,,23.11,,A,,0,,1,,_Z,,,
DATAFLOW,OECD.ELS.SPD:DSD_SOCX_AGG@DF_SOCX_AGG(1.0),,I,NOR,,A,,SOCX,,PT_B1GQ,,ES10_20,,_T,,_T,,_Z,,2014,,24.06,,A,,0,,1,,_Z,,,
DATAFLOW,OECD.ELS.SPD:DSD_SOCX_AGG@DF_SOCX_AGG(1.0),,I,NOR,,A,,SOCX,,PT_B1GQ,,ES10_20,,_T,,_T,,_Z,,2015,,25.952,,A,,0,,1,,_Z,,,
DATAFLOW,OECD.ELS.SPD:DSD_SOCX_AGG@DF_SOCX_AGG(1.0),,I,LTU,,A,,SOCX,,PT_B1GQ,,ES10_20,,_T,,_T,,_Z,,2016,,15.829,,A,,0,,1,,_Z,,,
DATAFLOW,OECD.ELS.SPD:DSD_SOCX_AGG@DF_SOCX_AGG(1.0),,I,LTU,,A,,SOCX,,PT_B1GQ,,ES10_20,,_T,,_T,,_Z,,2017,,15.571,,A,,0,,1,,_Z,,,
DATAFLOW,OECD.ELS.SPD:DSD_SOCX_AGG@DF_SOCX_AGG(1.0),,I,LTU,,A,,SOCX,,PT_B1GQ,,ES10_20,,_T,,_T,,_Z,,2018,,16.645,,A,,0,,1,,_Z,,,
DATAFLOW,OECD.ELS.SPD:DSD_SOCX_AGG@DF_SOCX_AGG(1.0),,I,LTU,,A,,SOCX,,PT_B1GQ,,ES10_20,,_T,,_T,,_Z,,2019,,17.275,,A,,0,,1,,_Z,,,
DATAFLOW,OECD.ELS.SPD:DSD_SOCX_AGG@DF_SOCX_AGG(1.0),,I,LTU,,A,,SOCX,,PT_B1GQ,,ES10_20,,_T,,_T,,_Z,,2010,,19.562,,A,,0,,1,,_Z,,,
DATAFLOW,OECD.ELS.SPD:DSD_SOCX_AGG@DF_SOCX_AGG(1.0),,I,LTU,,A,,SOCX,,PT_B1GQ,,ES10_20,,_T,,_T,,_Z,,2011,,17.528,,A,,0,,1,,_Z,,,
DATAFLOW,OECD.ELS.SPD:DSD_SOCX_AGG@DF_SOCX_AGG(1.0),,I,LTU,,A,,SOCX,,PT_B1GQ,,ES10_20,,_T,,_T,,_Z,,2012,,16.475,,A,,0,,1,,_Z,,,
DATAFLOW,OECD.ELS.SPD:DSD_SOCX_AGG@DF_SOCX_AGG(1.0),,I,LTU,,A,,SOCX,,PT_B1GQ,,ES10_20,,_T,,_T,,_Z,,2013,,15.457,,A,,0,,1,,_Z,,,
DATAFLOW,OECD.ELS.SPD:DSD_SOCX_AGG@DF_SOCX_AGG(1.0),,I,LTU,,A,,SOCX,,PT_B1GQ,,ES10_20,,_T,,_T,,_Z,,2014,,15.621,,A,,0,,1,,_Z,,,
DATAFLOW,OECD.ELS.SPD:DSD_SOCX_AGG@DF_SOCX_AGG(1.0),,I,LTU,,A,,SOCX,,PT_B1GQ,,ES10_20,,_T,,_T,,_Z,,2015,,16.03,,A,,0,,1,,_Z,,,
DATAFLOW,OECD.ELS.SPD:DSD_SOCX_AGG@DF_SOCX_AGG(1.0),,I,DNK,,A,,SOCX,,PT_B1GQ,,ES10_20,,_T,,_T,,_Z,,2016,,31.583,,A,,0,,1,,_Z,,,
DATAFLOW,OECD.ELS.SPD:DSD_SOCX_AGG@DF_SOCX_AGG(1.0),,I,DNK,,A,,SOCX,,PT_B1GQ,,ES10_20,,_T,,_T,,_Z,,2017,,31.247,,A,,0,,1,,_Z,,,
DATAFLOW,OECD.ELS.SPD:DSD_SOCX_AGG@DF_SOCX_AGG(1.0),,I,DNK,,A,,SOCX,,PT_B1GQ,,ES10_20,,_T,,_T,,_Z,,2018,,30.816,,A,,0,,1,,_Z,,,
DATAFLOW,OECD.ELS.SPD:DSD_SOCX_AGG@DF_SOCX_AGG(1.0),,I,DNK,,A,,SOCX,,PT_B1GQ,,ES10_20,,_T,,_T,,_Z,,2019,,30.796,,A,,0,,1,,_Z,,,
DATAFLOW,OECD.ELS.SPD:DSD_SOCX_AGG@DF_SOCX_AGG(1.0),,I,DNK,,A,,SOCX,,PT_B1GQ,,ES10_20,,_T,,_T,,_Z,,2010,,31.961,,A,,0,,1,,_Z,,,
DATAFLOW,OECD.ELS.SPD:DSD_SOCX_AGG@DF_SOCX_AGG(1.0),,I,DNK,,A,,SOCX,,PT_B1GQ,,ES10_20,,_T,,_T,,_Z,,2011,,32.026,,A,,0,,1,,_Z,,,
DATAFLOW,OECD.ELS.SPD:DSD_SOCX_AGG@DF_SOCX_AGG(1.0),,I,DNK,,A,,SOCX,,PT_B1GQ,,ES10_20,,_T,,_T,,_Z,,2012,,32.105,,A,,0,,1,,_Z,,,
DATAFLOW,OECD.ELS.SPD:DSD_SOCX_AGG@DF_SOCX_AGG(1.0),,I,DNK,,A,,SOCX,,PT_B1GQ,,ES10_20,,_T,,_T,,_Z,,2013,,32.78,,A,,0,,1,,_Z,,,
DATAFLOW,OECD.ELS.SPD:DSD_SOCX_AGG@DF_SOCX_AGG(1.0),,I,DNK,,A,,SOCX,,PT_B1GQ,,ES10_20,,_T,,_T,,_Z,,2014,,33.043,,A,,0,,1,,_Z,,,
DATAFLOW,OECD.ELS.SPD:DSD_SOCX_AGG@DF_SOCX_AGG(1.0),,I,DNK,,A,,SOCX,,PT_B1GQ,,ES10_20,,_T,,_T,,_Z,,2015,,32.61,,A,,0,,1,,_Z,,,
DATAFLOW,OECD.ELS.SPD:DSD_SOCX_AGG@DF_SOCX_AGG(1.0),,I,AUS,,A,,SOCX,,PT_B1GQ,,ES10_20,,_T,,_T,,_Z,,2015,,22.962,,A,,0,,1,,_Z,,,
DATAFLOW,OECD.ELS.SPD:DSD_SOCX_AGG@DF_SOCX_AGG(1.0),,I,AUS,,A,,SOCX,,PT_B1GQ,,ES10_20,,_T,,_T,,_Z,,2016,,22.414,,A,,0,,1,,_Z,,,
DATAFLOW,OECD.ELS.SPD:DSD_SOCX_AGG@DF_SOCX_AGG(1.0),,I,AUS,,A,,SOCX,,PT_B1GQ,,ES10_20,,_T,,_T,,_Z,,2017,,21.674,,A,,0,,1,,_Z,,,
DATAFLOW,OECD.ELS.SPD:DSD_SOCX_AGG@DF_SOCX_AGG(1.0),,I,AUS,,A,,SOCX,,PT_B1GQ,,ES10_20,,_T,,_T,,_Z,,2018,,21.062,,A,,0,,1,,_Z,,,
DATAFLOW,OECD.ELS.SPD:DSD_SOCX_AGG@DF_SOCX_AGG(1.0),,I,AUS,,A,,SOCX,,PT_B1GQ,,ES10_20,,_T,,_T,,_Z,,2019,,24.213,,A,,0,,1,,_Z,,,
DATAFLOW,OECD.ELS.SPD:DSD_SOCX_AGG@DF_SOCX_AGG(1.0),,I,AUS,,A,,SOCX,,PT_B1GQ,,ES10_20,,_T,,_T,,_Z,,2010,,19.906,,A,,0,,1,,_Z,,,
DATAFLOW,OECD.ELS.SPD:DSD_SOCX_AGG@DF_SOCX_AGG(1.0),,I,AUS,,A,,SOCX,,PT_B1GQ,,ES10_20,,_T,,_T,,_Z,,2011,,20.651,,A,,0,,1,,_Z,,,
DATAFLOW,OECD.ELS.SPD:DSD_SOCX_AGG@DF_SOCX_AGG(1.0),,I,AUS,,A,,SOCX,,PT_B1GQ,,ES10_20,,_T,,_T,,_Z,,2012,,21.064,,A,,0,,1,,_Z,,,
DATAFLOW,OECD.ELS.SPD:DSD_SOCX_AGG@DF_SOCX_AGG(1.0),,I,AUS,,A,,SOCX,,PT_B1GQ,,ES10_20,,_T,,_T,,_Z,,2013,,21.326,,A,,0,,1,,_Z,,,
DATAFLOW,OECD.ELS.SPD:DSD_SOCX_AGG@DF_SOCX_AGG(1.0),,I,AUS,,A,,SOCX,,PT_B1GQ,,ES10_20,,_T,,_T,,_Z,,2014,,22.373,,A,,0,,1,,_Z,,,
DATAFLOW,OECD.ELS.SPD:DSD_SOCX_AGG@DF_SOCX_AGG(1.0),,I,OECD,,A,,SOCX,,PT_B1GQ,,ES10_20,,_T,,_T,,_Z,,2015,,21.433,,A,,0,,1,,_Z,,,
DATAFLOW,OECD.ELS.SPD:DSD_SOCX_AGG@DF_SOCX_AGG(1.0),,I,OECD,,A,,SOCX,,PT_B1GQ,,ES10_20,,_T,,_T,,_Z,,2016,,21.422,,A,,0,,1,,_Z,,,
DATAFLOW,OECD.ELS.SPD:DSD_SOCX_AGG@DF_SOCX_AGG(1.0),,I,OECD,,A,,SOCX,,PT_B1GQ,,ES10_20,,_T,,_T,,_Z,,2017,,21.152,,A,,0,,1,,_Z,,,
DATAFLOW,OECD.ELS.SPD:DSD_SOCX_AGG@DF_SOCX_AGG(1.0),,I,OECD,,A,,SOCX,,PT_B1GQ,,ES10_20,,_T,,_T,,_Z,,2018,,21.062,,A,,0,,1,,_Z,,,
DATAFLOW,OECD.ELS.SPD:DSD_SOCX_AGG@DF_SOCX_AGG(1.0),,I,OECD,,A,,SOCX,,PT_B1GQ,,ES10_20,,_T,,_T,,_Z,,2019,,21.491,,A,,0,,1,,_Z,,,
DATAFLOW,OECD.ELS.SPD:DSD_SOCX_AGG@DF_SOCX_AGG(1.0),,I,OECD,,A,,SOCX,,PT_B1GQ,,ES10_20,,_T,,_T,,_Z,,2010,,21.469,,A,,0,,1,,_Z,,,
DATAFLOW,OECD.ELS.SPD:DSD_SOCX_AGG@DF_SOCX_AGG(1.0),,I,OECD,,A,,SOCX,,PT_B1GQ,,ES10_20,,_T,,_T,,_Z,,2011,,21.137,,A,,0,,1,,_Z,,,
DATAFLOW,OECD.ELS.SPD:DSD_SOCX_AGG@DF_SOCX_AGG(1.0),,I,OECD,,A,,SOCX,,PT_B1GQ,,ES10_20,,_T,,_T,,_Z,,2012,,21.25,,A,,0,,1,,_Z,,,
DATAFLOW,OECD.ELS.SPD:DSD_SOCX_AGG@DF_SOCX_AGG(1.0),,I,OECD,,A,,SOCX,,PT_B1GQ,,ES10_20,,_T,,_T,,_Z,,2013,,21.379,,A,,0,,1,,_Z,,,
DATAFLOW,OECD.ELS.SPD:DSD_SOCX_AGG@DF_SOCX_AGG(1.0),,I,OECD,,A,,SOCX,,PT_B1GQ,,ES10_20,,_T,,_T,,_Z,,2014,,21.497,,A,,0,,1,,_Z,,,
DATAFLOW,OECD.ELS.SPD:DSD_SOCX_AGG@DF_SOCX_AGG(1.0),,I,CAN,,A,,SOCX,,PT_B1GQ,,ES10_20,,_T,,_T,,_Z,,2019,,18.784,,A,,0,,1,,_Z,,,
DATAFLOW,OECD.ELS.SPD:DSD_SOCX_AGG@DF_SOCX_AGG(1.0),,I,CAN,,A,,SOCX,,PT_B1GQ,,ES10_20,,_T,,_T,,_Z,,2020,,24.911,,A,,0,,1,,_Z,,,
DATAFLOW,OECD.ELS.SPD:DSD_SOCX_AGG@DF_SOCX_AGG(1.0),,I,LUX,,A,,SOCX,,PT_B1GQ,,ES10_20,,_T,,_T,,_Z,,2016,,21.066,,A,,0,,1,,_Z,,,
DATAFLOW,OECD.ELS.SPD:DSD_SOCX_AGG@DF_SOCX_AGG(1.0),,I,LUX,,A,,SOCX,,PT_B1GQ,,ES10_20,,_T,,_T,,_Z,,2017,,21.522,,A,,0,,1,,_Z,,,
DATAFLOW,OECD.ELS.SPD:DSD_SOCX_AGG@DF_SOCX_AGG(1.0),,I,LUX,,A,,SOCX,,PT_B1GQ,,ES10_20,,_T,,_T,,_Z,,2018,,21.926,,A,,0,,1,,_Z,,,
DATAFLOW,OECD.ELS.SPD:DSD_SOCX_AGG@DF_SOCX_AGG(1.0),,I,LUX,,A,,SOCX,,PT_B1GQ,,ES10_20,,_T,,_T,,_Z,,2019,,22.508,,A,,0,,1,,_Z,,,
DATAFLOW,OECD.ELS.SPD:DSD_SOCX_AGG@DF_SOCX_AGG(1.0),,I,CAN,,A,,SOCX,,PT_B1GQ,,ES10_20,,_T,,_T,,_Z,,2010,,17.6,,A,,0,,1,,_Z,,,
DATAFLOW,OECD.ELS.SPD:DSD_SOCX_AGG@DF_SOCX_AGG(1.0),,I,CAN,,A,,SOCX,,PT_B1GQ,,ES10_20,,_T,,_T,,_Z,,2011,,17.093,,A,,0,,1,,_Z,,,
DATAFLOW,OECD.ELS.SPD:DSD_SOCX_AGG@DF_SOCX_AGG(1.0),,I,CAN,,A,,SOCX,,PT_B1GQ,,ES10_20,,_T,,_T,,_Z,,2012,,17.222,,A,,0,,1,,_Z,,,
DATAFLOW,OECD.ELS.SPD:DSD_SOCX_AGG@DF_SOCX_AGG(1.0),,I,CAN,,A,,SOCX,,PT_B1GQ,,ES10_20,,_T,,_T,,_Z,,2013,,16.986,,A,,0,,1,,_Z,,,
DATAFLOW,OECD.ELS.SPD:DSD_SOCX_AGG@DF_SOCX_AGG(1.0),,I,CAN,,A,,SOCX,,PT_B1GQ,,ES10_20,,_T,,_T,,_Z,,2014,,16.913,,A,,0,,1,,_Z,,,
DATAFLOW,OECD.ELS.SPD:DSD_SOCX_AGG@DF_SOCX_AGG(1.0),,I,CAN,,A,,SOCX,,PT_B1GQ,,ES10_20,,_T,,_T,,_Z,,2015,,17.934,,A,,0,,1,,_Z,,,
DATAFLOW,OECD.ELS.SPD:DSD_SOCX_AGG@DF_SOCX_AGG(1.0),,I,CAN,,A,,SOCX,,PT_B1GQ,,ES10_20,,_T,,_T,,_Z,,2016,,18.296,,A,,0,,1,,_Z,,,
DATAFLOW,OECD.ELS.SPD:DSD_SOCX_AGG@DF_SOCX_AGG(1.0),,I,CAN,,A,,SOCX,,PT_B1GQ,,ES10_20,,_T,,_T,,_Z,,2017,,18.029,,A,,0,,1,,_Z,,,
DATAFLOW,OECD.ELS.SPD:DSD_SOCX_AGG@DF_SOCX_AGG(1.0),,I,CAN,,A,,SOCX,,PT_B1GQ,,ES10_20,,_T,,_T,,_Z,,2018,,18.004,,A,,0,,1,,_Z,,,
DATAFLOW,OECD.ELS.SPD:DSD_SOCX_AGG@DF_SOCX_AGG(1.0),,I,LUX,,A,,SOCX,,PT_B1GQ,,ES10_20,,_T,,_T,,_Z,,2010,,22.492,,A,,0,,1,,_Z,,,
DATAFLOW,OECD.ELS.SPD:DSD_SOCX_AGG@DF_SOCX_AGG(1.0),,I,LUX,,A,,SOCX,,PT_B1GQ,,ES10_20,,_T,,_T,,_Z,,2011,,21.37,,A,,0,,1,,_Z,,,
DATAFLOW,OECD.ELS.SPD:DSD_SOCX_AGG@DF_SOCX_AGG(1.0),,I,LUX,,A,,SOCX,,PT_B1GQ,,ES10_20,,_T,,_T,,_Z,,2012,,21.529,,A,,0,,1,,_Z,,,
DATAFLOW,OECD.ELS.SPD:DSD_SOCX_AGG@DF_SOCX_AGG(1.0),,I,LUX,,A,,SOCX,,PT_B1GQ,,ES10_20,,_T,,_T,,_Z,,2013,,21.713,,A,,0,,1,,_Z,,,
DATAFLOW,OECD.ELS.SPD:DSD_SOCX_AGG@DF_SOCX_AGG(1.0),,I,LUX,,A,,SOCX,,PT_B1GQ,,ES10_20,,_T,,_T,,_Z,,2014,,21.602,,A,,0,,1,,_Z,,,
DATAFLOW,OECD.ELS.SPD:DSD_SOCX_AGG@DF_SOCX_AGG(1.0),,I,LUX,,A,,SOCX,,PT_B1GQ,,ES10_20,,_T,,_T,,_Z,,2015,,21.351,,A,,0,,1,,_Z,,,
DATAFLOW,OECD.ELS.SPD:DSD_SOCX_AGG@DF_SOCX_AGG(1.0),,I,DEU,,A,,SOCX,,PT_B1GQ,,ES10_20,,_T,,_T,,_Z,,2015,,27.46,,A,,0,,1,,_Z,,,
DATAFLOW,OECD.ELS.SPD:DSD_SOCX_AGG@DF_SOCX_AGG(1.0),,I,DEU,,A,,SOCX,,PT_B1GQ,,ES10_20,,_T,,_T,,_Z,,2016,,27.714,,A,,0,,1,,_Z,,,
DATAFLOW,OECD.ELS.SPD:DSD_SOCX_AGG@DF_SOCX_AGG(1.0),,I,DEU,,A,,SOCX,,PT_B1GQ,,ES10_20,,_T,,_T,,_Z,,2017,,27.696,,A,,0,,1,,_Z,,,
DATAFLOW,OECD.ELS.SPD:DSD_SOCX_AGG@DF_SOCX_AGG(1.0),,I,DEU,,A,,SOCX,,PT_B1GQ,,ES10_20,,_T,,_T,,_Z,,2018,,27.826,,A,,0,,1,,_Z,,,
DATAFLOW,OECD.ELS.SPD:DSD_SOCX_AGG@DF_SOCX_AGG(1.0),,I,DEU,,A,,SOCX,,PT_B1GQ,,ES10_20,,_T,,_T,,_Z,,2019,,28.18,,A,,0,,1,,_Z,,,
DATAFLOW,OECD.ELS.SPD:DSD_SOCX_AGG@DF_SOCX_AGG(1.0),,I,DEU,,A,,SOCX,,PT_B1GQ,,ES10_20,,_T,,_T,,_Z,,2010,,28.231,,A,,0,,1,,_Z,,,
DATAFLOW,OECD.ELS.SPD:DSD_SOCX_AGG@DF_SOCX_AGG(1.0),,I,DEU,,A,,SOCX,,PT_B1GQ,,ES10_20,,_T,,_T,,_Z,,2011,,26.961,,A,,0,,1,,_Z,,,
DATAFLOW,OECD.ELS.SPD:DSD_SOCX_AGG@DF_SOCX_AGG(1.0),,I,DEU,,A,,SOCX,,PT_B1GQ,,ES10_20,,_T,,_T,,_Z,,2012,,26.982,,A,,0,,1,,_Z,,,
DATAFLOW,OECD.ELS.SPD:DSD_SOCX_AGG@DF_SOCX_AGG(1.0),,I,DEU,,A,,SOCX,,PT_B1GQ,,ES10_20,,_T,,_T,,_Z,,2013,,27.266,,A,,0,,1,,_Z,,,
DATAFLOW,OECD.ELS.SPD:DSD_SOCX_AGG@DF_SOCX_AGG(1.0),,I,DEU,,A,,SOCX,,PT_B1GQ,,ES10_20,,_T,,_T,,_Z,,2014,,27.143,,A,,0,,1,,_Z,,,
DATAFLOW,OECD.ELS.SPD:DSD_SOCX_AGG@DF_SOCX_AGG(1.0),,I,AUT,,A,,SOCX,,PT_B1GQ,,ES10_20,,_T,,_T,,_Z,,2015,,29.061,,A,,0,,1,,_Z,,,
DATAFLOW,OECD.ELS.SPD:DSD_SOCX_AGG@DF_SOCX_AGG(1.0),,I,AUT,,A,,SOCX,,PT_B1GQ,,ES10_20,,_T,,_T,,_Z,,2016,,28.979,,A,,0,,1,,_Z,,,
DATAFLOW,OECD.ELS.SPD:DSD_SOCX_AGG@DF_SOCX_AGG(1.0),,I,AUT,,A,,SOCX,,PT_B1GQ,,ES10_20,,_T,,_T,,_Z,,2017,,28.613,,A,,0,,1,,_Z,,,
DATAFLOW,OECD.ELS.SPD:DSD_SOCX_AGG@DF_SOCX_AGG(1.0),,I,AUT,,A,,SOCX,,PT_B1GQ,,ES10_20,,_T,,_T,,_Z,,2018,,28.385,,A,,0,,1,,_Z,,,
DATAFLOW,OECD.ELS.SPD:DSD_SOCX_AGG@DF_SOCX_AGG(1.0),,I,AUT,,A,,SOCX,,PT_B1GQ,,ES10_20,,_T,,_T,,_Z,,2019,,28.552,,A,,0,,1,,_Z,,,
DATAFLOW,OECD.ELS.SPD:DSD_SOCX_AGG@DF_SOCX_AGG(1.0),,I,AUT,,A,,SOCX,,PT_B1GQ,,ES10_20,,_T,,_T,,_Z,,2010,,28.883,,A,,0,,1,,_Z,,,
DATAFLOW,OECD.ELS.SPD:DSD_SOCX_AGG@DF_SOCX_AGG(1.0),,I,AUT,,A,,SOCX,,PT_B1GQ,,ES10_20,,_T,,_T,,_Z,,2011,,28.065,,A,,0,,1,,_Z,,,
DATAFLOW,OECD.ELS.SPD:DSD_SOCX_AGG@DF_SOCX_AGG(1.0),,I,AUT,,A,,SOCX,,PT_B1GQ,,ES10_20,,_T,,_T,,_Z,,2012,,28.425,,A,,0,,1,,_Z,,,
DATAFLOW,OECD.ELS.SPD:DSD_SOCX_AGG@DF_SOCX_AGG(1.0),,I,AUT,,A,,SOCX,,PT_B1GQ,,ES10_20,,_T,,_T,,_Z,,2013,,28.862,,A,,0,,1,,_Z,,,
DATAFLOW,OECD.ELS.SPD:DSD_SOCX_AGG@DF_SOCX_AGG(1.0),,I,AUT,,A,,SOCX,,PT_B1GQ,,ES10_20,,_T,,_T,,_Z,,2014,,29.036,,A,,0,,1,,_Z,,,
DATAFLOW,OECD.ELS.SPD:DSD_SOCX_AGG@DF_SOCX_AGG(1.0),,I,ISL,,A,,SOCX,,PT_B1GQ,,ES10_20,,_T,,_T,,_Z,,2015,,22.774,,A,,0,,1,,_Z,,,
DATAFLOW,OECD.ELS.SPD:DSD_SOCX_AGG@DF_SOCX_AGG(1.0),,I,ISL,,A,,SOCX,,PT_B1GQ,,ES10_20,,_T,,_T,,_Z,,2016,,22.785,,A,,0,,1,,_Z,,,
DATAFLOW,OECD.ELS.SPD:DSD_SOCX_AGG@DF_SOCX_AGG(1.0),,I,ISL,,A,,SOCX,,PT_B1GQ,,ES10_20,,_T,,_T,,_Z,,2017,,24.122,,A,,0,,1,,_Z,,,
DATAFLOW,OECD.ELS.SPD:DSD_SOCX_AGG@DF_SOCX_AGG(1.0),,I,ISL,,A,,SOCX,,PT_B1GQ,,ES10_20,,_T,,_T,,_Z,,2018,,24.584,,A,,0,,1,,_Z,,,
DATAFLOW,OECD.ELS.SPD:DSD_SOCX_AGG@DF_SOCX_AGG(1.0),,I,ISL,,A,,SOCX,,PT_B1GQ,,ES10_20,,_T,,_T,,_Z,,2019,,25.57,,A,,0,,1,,_Z,,,
DATAFLOW,OECD.ELS.SPD:DSD_SOCX_AGG@DF_SOCX_AGG(1.0),,I,ISL,,A,,SOCX,,PT_B1GQ,,ES10_20,,_T,,_T,,_Z,,2010,,22.998,,A,,0,,1,,_Z,,,
DATAFLOW,OECD.ELS.SPD:DSD_SOCX_AGG@DF_SOCX_AGG(1.0),,I,ISL,,A,,SOCX,,PT_B1GQ,,ES10_20,,_T,,_T,,_Z,,2011,,23.631,,A,,0,,1,,_Z,,,
DATAFLOW,OECD.ELS.SPD:DSD_SOCX_AGG@DF_SOCX_AGG(1.0),,I,ISL,,A,,SOCX,,PT_B1GQ,,ES10_20,,_T,,_T,,_Z,,2012,,23.521,,A,,0,,1,,_Z,,,
DATAFLOW,OECD.ELS.SPD:DSD_SOCX_AGG@DF_SOCX_AGG(1.0),,I,ISL,,A,,SOCX,,PT_B1GQ,,ES10_20,,_T,,_T,,_Z,,2013,,23.207,,A,,0,,1,,_Z,,,
DATAFLOW,OECD.ELS.SPD:DSD_SOCX_AGG@DF_SOCX_AGG(1.0),,I,ISL,,A,,SOCX,,PT_B1GQ,,ES10_20,,_T,,_T,,_Z,,2014,,23.671,,A,,0,,1,,_Z,,,
DATAFLOW,OECD.ELS.SPD:DSD_SOCX_AGG@DF_SOCX_AGG(1.0),,I,GRC,,A,,SOCX,,PT_B1GQ,,ES10_20,,_T,,_T,,_Z,,2016,,26.572,,A,,0,,1,,_Z,,,
DATAFLOW,OECD.ELS.SPD:DSD_SOCX_AGG@DF_SOCX_AGG(1.0),,I,GRC,,A,,SOCX,,PT_B1GQ,,ES10_20,,_T,,_T,,_Z,,2017,,25.698,,A,,0,,1,,_Z,,,
DATAFLOW,OECD.ELS.SPD:DSD_SOCX_AGG@DF_SOCX_AGG(1.0),,I,GRC,,A,,SOCX,,PT_B1GQ,,ES10_20,,_T,,_T,,_Z,,2018,,25.529,,A,,0,,1,,_Z,,,
DATAFLOW,OECD.ELS.SPD:DSD_SOCX_AGG@DF_SOCX_AGG(1.0),,I,GRC,,A,,SOCX,,PT_B1GQ,,ES10_20,,_T,,_T,,_Z,,2019,,25.578,,A,,0,,1,,_Z,,,
DATAFLOW,OECD.ELS.SPD:DSD_SOCX_AGG@DF_SOCX_AGG(1.0),,I,GRC,,A,,SOCX,,PT_B1GQ,,ES10_20,,_T,,_T,,_Z,,2010,,25.702,,A,,0,,1,,_Z,,,
DATAFLOW,OECD.ELS.SPD:DSD_SOCX_AGG@DF_SOCX_AGG(1.0),,I,GRC,,A,,SOCX,,PT_B1GQ,,ES10_20,,_T,,_T,,_Z,,2011,,27.134,,A,,0,,1,,_Z,,,
DATAFLOW,OECD.ELS.SPD:DSD_SOCX_AGG@DF_SOCX_AGG(1.0),,I,GRC,,A,,SOCX,,PT_B1GQ,,ES10_20,,_T,,_T,,_Z,,2012,,27.956,,A,,0,,1,,_Z,,,
DATAFLOW,OECD.ELS.SPD:DSD_SOCX_AGG@DF_SOCX_AGG(1.0),,I,GRC,,A,,SOCX,,PT_B1GQ,,ES10_20,,_T,,_T,,_Z,,2013,,26.143,,A,,0,,1,,_Z,,,
DATAFLOW,OECD.ELS.SPD:DSD_SOCX_AGG@DF_SOCX_AGG(1.0),,I,GRC,,A,,SOCX,,PT_B1GQ,,ES10_20,,_T,,_T,,_Z,,2014,,26.121,,A,,0,,1,,_Z,,,
DATAFLOW,OECD.ELS.SPD:DSD_SOCX_AGG@DF_SOCX_AGG(1.0),,I,GRC,,A,,SOCX,,PT_B1GQ,,ES10_20,,_T,,_T,,_Z,,2015,,26.228,,A,,0,,1,,_Z,,,
DATAFLOW,OECD.ELS.SPD:DSD_SOCX_AGG@DF_SOCX_AGG(1.0),,I,FIN,,A,,SOCX,,PT_B1GQ,,ES10_20,,_T,,_T,,_Z,,2017,,29.674,,A,,0,,1,,_Z,,,
DATAFLOW,OECD.ELS.SPD:DSD_SOCX_AGG@DF_SOCX_AGG(1.0),,I,FIN,,A,,SOCX,,PT_B1GQ,,ES10_20,,_T,,_T,,_Z,,2018,,29.391,,A,,0,,1,,_Z,,,
DATAFLOW,OECD.ELS.SPD:DSD_SOCX_AGG@DF_SOCX_AGG(1.0),,I,FIN,,A,,SOCX,,PT_B1GQ,,ES10_20,,_T,,_T,,_Z,,2019,,29.454,,A,,0,,1,,_Z,,,
DATAFLOW,OECD.ELS.SPD:DSD_SOCX_AGG@DF_SOCX_AGG(1.0),,I,FRA,,A,,SOCX,,PT_B1GQ,,ES10_20,,_T,,_T,,_Z,,2015,,32.465,,A,,0,,1,,_Z,,,
DATAFLOW,OECD.ELS.SPD:DSD_SOCX_AGG@DF_SOCX_AGG(1.0),,I,FRA,,A,,SOCX,,PT_B1GQ,,ES10_20,,_T,,_T,,_Z,,2016,,32.64,,A,,0,,1,,_Z,,,
DATAFLOW,OECD.ELS.SPD:DSD_SOCX_AGG@DF_SOCX_AGG(1.0),,I,FRA,,A,,SOCX,,PT_B1GQ,,ES10_20,,_T,,_T,,_Z,,2017,,32.16,,A,,0,,1,,_Z,,,
DATAFLOW,OECD.ELS.SPD:DSD_SOCX_AGG@DF_SOCX_AGG(1.0),,I,FRA,,A,,SOCX,,PT_B1GQ,,ES10_20,,_T,,_T,,_Z,,2018,,31.728,,A,,0,,1,,_Z,,,
DATAFLOW,OECD.ELS.SPD:DSD_SOCX_AGG@DF_SOCX_AGG(1.0),,I,FRA,,A,,SOCX,,PT_B1GQ,,ES10_20,,_T,,_T,,_Z,,2019,,31.489,,A,,0,,1,,_Z,,,
DATAFLOW,OECD.ELS.SPD:DSD_SOCX_AGG@DF_SOCX_AGG(1.0),,I,FRA,,A,,SOCX,,PT_B1GQ,,ES10_20,,_T,,_T,,_Z,,2020,,35.619,,A,,0,,1,,_Z,,,
DATAFLOW,OECD.ELS.SPD:DSD_SOCX_AGG@DF_SOCX_AGG(1.0),,I,FIN,,A,,SOCX,,PT_B1GQ,,ES10_20,,_T,,_T,,_Z,,2010,,27.52,,A,,0,,1,,_Z,,,
DATAFLOW,OECD.ELS.SPD:DSD_SOCX_AGG@DF_SOCX_AGG(1.0),,I,FIN,,A,,SOCX,,PT_B1GQ,,ES10_20,,_T,,_T,,_Z,,2011,,27.176,,A,,0,,1,,_Z,,,
DATAFLOW,OECD.ELS.SPD:DSD_SOCX_AGG@DF_SOCX_AGG(1.0),,I,FIN,,A,,SOCX,,PT_B1GQ,,ES10_20,,_T,,_T,,_Z,,2012,,28.438,,A,,0,,1,,_Z,,,
DATAFLOW,OECD.ELS.SPD:DSD_SOCX_AGG@DF_SOCX_AGG(1.0),,I,FIN,,A,,SOCX,,PT_B1GQ,,ES10_20,,_T,,_T,,_Z,,2013,,29.552,,A,,0,,1,,_Z,,,
DATAFLOW,OECD.ELS.SPD:DSD_SOCX_AGG@DF_SOCX_AGG(1.0),,I,FIN,,A,,SOCX,,PT_B1GQ,,ES10_20,,_T,,_T,,_Z,,2014,,30.285,,A,,0,,1,,_Z,,,
DATAFLOW,OECD.ELS.SPD:DSD_SOCX_AGG@DF_SOCX_AGG(1.0),,I,FIN,,A,,SOCX,,PT_B1GQ,,ES10_20,,_T,,_T,,_Z,,2015,,30.638,,A,,0,,1,,_Z,,,
DATAFLOW,OECD.ELS.SPD:DSD_SOCX_AGG@DF_SOCX_AGG(1.0),,I,FIN,,A,,SOCX,,PT_B1GQ,,ES10_20,,_T,,_T,,_Z,,2016,,30.546,,A,,0,,1,,_Z,,,
DATAFLOW,OECD.ELS.SPD:DSD_SOCX_AGG@DF_SOCX_AGG(1.0),,I,FRA,,A,,SOCX,,PT_B1GQ,,ES10_20,,_T,,_T,,_Z,,2010,,30.983,,A,,0,,1,,_Z,,,
DATAFLOW,OECD.ELS.SPD:DSD_SOCX_AGG@DF_SOCX_AGG(1.0),,I,FRA,,A,,SOCX,,PT_B1GQ,,ES10_20,,_T,,_T,,_Z,,2011,,30.702,,A,,0,,1,,_Z,,,
DATAFLOW,OECD.ELS.SPD:DSD_SOCX_AGG@DF_SOCX_AGG(1.0),,I,FRA,,A,,SOCX,,PT_B1GQ,,ES10_20,,_T,,_T,,_Z,,2012,,31.177,,A,,0,,1,,_Z,,,
DATAFLOW,OECD.ELS.SPD:DSD_SOCX_AGG@DF_SOCX_AGG(1.0),,I,FRA,,A,,SOCX,,PT_B1GQ,,ES10_20,,_T,,_T,,_Z,,2013,,32.325,,A,,0,,1,,_Z,,,
DATAFLOW,OECD.ELS.SPD:DSD_SOCX_AGG@DF_SOCX_AGG(1.0),,I,FRA,,A,,SOCX,,PT_B1GQ,,ES10_20,,_T,,_T,,_Z,,2014,,32.648,,A,,0,,1,,_Z,,,
DATAFLOW,OECD.ELS.SPD:DSD_SOCX_AGG@DF_SOCX_AGG(1.0),,I,PRT,,A,,SOCX,,PT_B1GQ,,ES10_20,,_T,,_T,,_Z,,2015,,24.168,,A,,0,,1,,_Z,,,
DATAFLOW,OECD.ELS.SPD:DSD_SOCX_AGG@DF_SOCX_AGG(1.0),,I,PRT,,A,,SOCX,,PT_B1GQ,,ES10_20,,_T,,_T,,_Z,,2016,,23.692,,A,,0,,1,,_Z,,,
DATAFLOW,OECD.ELS.SPD:DSD_SOCX_AGG@DF_SOCX_AGG(1.0),,I,PRT,,A,,SOCX,,PT_B1GQ,,ES10_20,,_T,,_T,,_Z,,2017,,22.951,,A,,0,,1,,_Z,,,
DATAFLOW,OECD.ELS.SPD:DSD_SOCX_AGG@DF_SOCX_AGG(1.0),,I,PRT,,A,,SOCX,,PT_B1GQ,,ES10_20,,_T,,_T,,_Z,,2018,,22.669,,A,,0,,1,,_Z,,,
DATAFLOW,OECD.ELS.SPD:DSD_SOCX_AGG@DF_SOCX_AGG(1.0),,I,PRT,,A,,SOCX,,PT_B1GQ,,ES10_20,,_T,,_T,,_Z,,2019,,22.553,,A,,0,,1,,_Z,,,
DATAFLOW,OECD.ELS.SPD:DSD_SOCX_AGG@DF_SOCX_AGG(1.0),,I,PRT,,A,,SOCX,,PT_B1GQ,,ES10_20,,_T,,_T,,_Z,,2010,,24.611,,A,,0,,1,,_Z,,,
DATAFLOW,OECD.ELS.SPD:DSD_SOCX_AGG@DF_SOCX_AGG(1.0),,I,PRT,,A,,SOCX,,PT_B1GQ,,ES10_20,,_T,,_T,,_Z,,2011,,24.508,,A,,0,,1,,_Z,,,
DATAFLOW,OECD.ELS.SPD:DSD_SOCX_AGG@DF_SOCX_AGG(1.0),,I,PRT,,A,,SOCX,,PT_B1GQ,,ES10_20,,_T,,_T,,_Z,,2012,,24.585,,A,,0,,1,,_Z,,,
DATAFLOW,OECD.ELS.SPD:DSD_SOCX_AGG@DF_SOCX_AGG(1.0),,I,PRT,,A,,SOCX,,PT_B1GQ,,ES10_20,,_T,,_T,,_Z,,2013,,25.688,,A,,0,,1,,_Z,,,
DATAFLOW,OECD.ELS.SPD:DSD_SOCX_AGG@DF_SOCX_AGG(1.0),,I,PRT,,A,,SOCX,,PT_B1GQ,,ES10_20,,_T,,_T,,_Z,,2014,,25.233,,A,,0,,1,,_Z,,,
DATAFLOW,OECD.ELS.SPD:DSD_SOCX_AGG@DF_SOCX_AGG(1.0),,I,TUR,,A,,SOCX,,PT_B1GQ,,ES10_20,,_T,,_T,,_Z,,2015,,11.488,,A,,0,,1,,_Z,,,
DATAFLOW,OECD.ELS.SPD:DSD_SOCX_AGG@DF_SOCX_AGG(1.0),,I,TUR,,A,,SOCX,,PT_B1GQ,,ES10_20,,_T,,_T,,_Z,,2016,,12.534,,A,,0,,1,,_Z,,,
DATAFLOW,OECD.ELS.SPD:DSD_SOCX_AGG@DF_SOCX_AGG(1.0),,I,TUR,,A,,SOCX,,PT_B1GQ,,ES10_20,,_T,,_T,,_Z,,2017,,11.999,,A,,0,,1,,_Z,,,
DATAFLOW,OECD.ELS.SPD:DSD_SOCX_AGG@DF_SOCX_AGG(1.0),,I,TUR,,A,,SOCX,,PT_B1GQ,,ES10_20,,_T,,_T,,_Z,,2018,,11.767,,A,,0,,1,,_Z,,,
DATAFLOW,OECD.ELS.SPD:DSD_SOCX_AGG@DF_SOCX_AGG(1.0),,I,TUR,,A,,SOCX,,PT_B1GQ,,ES10_20,,_T,,_T,,_Z,,2019,,12.429,,A,,0,,1,,_Z,,,
DATAFLOW,OECD.ELS.SPD:DSD_SOCX_AGG@DF_SOCX_AGG(1.0),,I,TUR,,A,,SOCX,,PT_B1GQ,,ES10_20,,_T,,_T,,_Z,,2010,,12.212,,A,,0,,1,,_Z,,,
DATAFLOW,OECD.ELS.SPD:DSD_SOCX_AGG@DF_SOCX_AGG(1.0),,I,TUR,,A,,SOCX,,PT_B1GQ,,ES10_20,,_T,,_T,,_Z,,2011,,11.73,,A,,0,,1,,_Z,,,
DATAFLOW,OECD.ELS.SPD:DSD_SOCX_AGG@DF_SOCX_AGG(1.0),,I,TUR,,A,,SOCX,,PT_B1GQ,,ES10_20,,_T,,_T,,_Z,,2012,,11.879,,A,,0,,1,,_Z,,,
DATAFLOW,OECD.ELS.SPD:DSD_SOCX_AGG@DF_SOCX_AGG(1.0),,I,TUR,,A,,SOCX,,PT_B1GQ,,ES10_20,,_T,,_T,,_Z,,2013,,11.684,,A,,0,,1,,_Z,,,
DATAFLOW,OECD.ELS.SPD:DSD_SOCX_AGG@DF_SOCX_AGG(1.0),,I,TUR,,A,,SOCX,,PT_B1GQ,,ES10_20,,_T,,_T,,_Z,,2014,,11.61,,A,,0,,1,,_Z,,,
DATAFLOW,OECD.ELS.SPD:DSD_SOCX_AGG@DF_SOCX_AGG(1.0),,I,POL,,A,,SOCX,,PT_B1GQ,,ES10_20,,_T,,_T,,_Z,,2016,,21.217,,A,,0,,1,,_Z,,,
DATAFLOW,OECD.ELS.SPD:DSD_SOCX_AGG@DF_SOCX_AGG(1.0),,I,POL,,A,,SOCX,,PT_B1GQ,,ES10_20,,_T,,_T,,_Z,,2017,,20.816,,A,,0,,1,,_Z,,,
DATAFLOW,OECD.ELS.SPD:DSD_SOCX_AGG@DF_SOCX_AGG(1.0),,I,POL,,A,,SOCX,,PT_B1GQ,,ES10_20,,_T,,_T,,_Z,,2018,,20.537,,A,,0,,1,,_Z,,,
DATAFLOW,OECD.ELS.SPD:DSD_SOCX_AGG@DF_SOCX_AGG(1.0),,I,POL,,A,,SOCX,,PT_B1GQ,,ES10_20,,_T,,_T,,_Z,,2019,,21.213,,A,,0,,1,,_Z,,,
DATAFLOW,OECD.ELS.SPD:DSD_SOCX_AGG@DF_SOCX_AGG(1.0),,I,POL,,A,,SOCX,,PT_B1GQ,,ES10_20,,_T,,_T,,_Z,,2020,,0.026,,A,,0,,1,,_Z,,,
DATAFLOW,OECD.ELS.SPD:DSD_SOCX_AGG@DF_SOCX_AGG(1.0),,I,POL,,A,,SOCX,,PT_B1GQ,,ES10_20,,_T,,_T,,_Z,,2021,,0.023,,A,,0,,1,,_Z,,,
DATAFLOW,OECD.ELS.SPD:DSD_SOCX_AGG@DF_SOCX_AGG(1.0),,I,POL,,A,,SOCX,,PT_B1GQ,,ES10_20,,_T,,_T,,_Z,,2010,,20.727,,A,,0,,1,,_Z,,,
DATAFLOW,OECD.ELS.SPD:DSD_SOCX_AGG@DF_SOCX_AGG(1.0),,I,POL,,A,,SOCX,,PT_B1GQ,,ES10_20,,_T,,_T,,_Z,,2011,,19.578,,A,,0,,1,,_Z,,,
DATAFLOW,OECD.ELS.SPD:DSD_SOCX_AGG@DF_SOCX_AGG(1.0),,I,POL,,A,,SOCX,,PT_B1GQ,,ES10_20,,_T,,_T,,_Z,,2012,,19.856,,A,,0,,1,,_Z,,,
DATAFLOW,OECD.ELS.SPD:DSD_SOCX_AGG@DF_SOCX_AGG(1.0),,I,POL,,A,,SOCX,,PT_B1GQ,,ES10_20,,_T,,_T,,_Z,,2013,,20.63,,A,,0,,1,,_Z,,,
DATAFLOW,OECD.ELS.SPD:DSD_SOCX_AGG@DF_SOCX_AGG(1.0),,I,POL,,A,,SOCX,,PT_B1GQ,,ES10_20,,_T,,_T,,_Z,,2014,,20.313,,A,,0,,1,,_Z,,,
DATAFLOW,OECD.ELS.SPD:DSD_SOCX_AGG@DF_SOCX_AGG(1.0),,I,POL,,A,,SOCX,,PT_B1GQ,,ES10_20,,_T,,_T,,_Z,,2015,,20.245,,A,,0,,1,,_Z,,,
DATAFLOW,OECD.ELS.SPD:DSD_SOCX_AGG@DF_SOCX_AGG(1.0),,I,EST,,A,,SOCX,,PT_B1GQ,,ES10_20,,_T,,_T,,_Z,,2016,,17.533,,A,,0,,1,,_Z,,,
DATAFLOW,OECD.ELS.SPD:DSD_SOCX_AGG@DF_SOCX_AGG(1.0),,I,EST,,A,,SOCX,,PT_B1GQ,,ES10_20,,_T,,_T,,_Z,,2017,,17.028,,A,,0,,1,,_Z,,,
DATAFLOW,OECD.ELS.SPD:DSD_SOCX_AGG@DF_SOCX_AGG(1.0),,I,EST,,A,,SOCX,,PT_B1GQ,,ES10_20,,_T,,_T,,_Z,,2018,,17.462,,A,,0,,1,,_Z,,,
DATAFLOW,OECD.ELS.SPD:DSD_SOCX_AGG@DF_SOCX_AGG(1.0),,I,EST,,A,,SOCX,,PT_B1GQ,,ES10_20,,_T,,_T,,_Z,,2019,,17.907,,A,,0,,1,,_Z,,,
DATAFLOW,OECD.ELS.SPD:DSD_SOCX_AGG@DF_SOCX_AGG(1.0),,I,EST,,A,,SOCX,,PT_B1GQ,,ES10_20,,_T,,_T,,_Z,,2010,,18.14,,A,,0,,1,,_Z,,,
DATAFLOW,OECD.ELS.SPD:DSD_SOCX_AGG@DF_SOCX_AGG(1.0),,I,EST,,A,,SOCX,,PT_B1GQ,,ES10_20,,_T,,_T,,_Z,,2011,,16.182,,A,,0,,1,,_Z,,,
DATAFLOW,OECD.ELS.SPD:DSD_SOCX_AGG@DF_SOCX_AGG(1.0),,I,EST,,A,,SOCX,,PT_B1GQ,,ES10_20,,_T,,_T,,_Z,,2012,,15.753,,A,,0,,1,,_Z,,,
DATAFLOW,OECD.ELS.SPD:DSD_SOCX_AGG@DF_SOCX_AGG(1.0),,I,EST,,A,,SOCX,,PT_B1GQ,,ES10_20,,_T,,_T,,_Z,,2013,,15.676,,A,,0,,1,,_Z,,,
DATAFLOW,OECD.ELS.SPD:DSD_SOCX_AGG@DF_SOCX_AGG(1.0),,I,EST,,A,,SOCX,,PT_B1GQ,,ES10_20,,_T,,_T,,_Z,,2014,,15.983,,A,,0,,1,,_Z,,,
DATAFLOW,OECD.ELS.SPD:DSD_SOCX_AGG@DF_SOCX_AGG(1.0),,I,EST,,A,,SOCX,,PT_B1GQ,,ES10_20,,_T,,_T,,_Z,,2015,,17.279,,A,,0,,1,,_Z,,,
DATAFLOW,OECD.ELS.SPD:DSD_SOCX_AGG@DF_SOCX_AGG(1.0),,I,MEX,,A,,SOCX,,PT_B1GQ,,ES10_20,,_T,,_T,,_Z,,2015,,7.658,,A,,0,,1,,_Z,,,
DATAFLOW,OECD.ELS.SPD:DSD_SOCX_AGG@DF_SOCX_AGG(1.0),,I,MEX,,A,,SOCX,,PT_B1GQ,,ES10_20,,_T,,_T,,_Z,,2016,,7.487,,A,,0,,1,,_Z,,,
DATAFLOW,OECD.ELS.SPD:DSD_SOCX_AGG@DF_SOCX_AGG(1.0),,I,MEX,,A,,SOCX,,PT_B1GQ,,ES10_20,,_T,,_T,,_Z,,2017,,7.407,,A,,0,,1,,_Z,,,
DATAFLOW,OECD.ELS.SPD:DSD_SOCX_AGG@DF_SOCX_AGG(1.0),,I,MEX,,A,,SOCX,,PT_B1GQ,,ES10_20,,_T,,_T,,_Z,,2018,,7.105,,A,,0,,1,,_Z,,,
DATAFLOW,OECD.ELS.SPD:DSD_SOCX_AGG@DF_SOCX_AGG(1.0),,I,MEX,,A,,SOCX,,PT_B1GQ,,ES10_20,,_T,,_T,,_Z,,2019,,7.355,,A,,0,,1,,_Z,,,
DATAFLOW,OECD.ELS.SPD:DSD_SOCX_AGG@DF_SOCX_AGG(1.0),,I,MEX,,A,,SOCX,,PT_B1GQ,,ES10_20,,_T,,_T,,_Z,,2010,,7.342,,A,,0,,1,,_Z,,,
DATAFLOW,OECD.ELS.SPD:DSD_SOCX_AGG@DF_SOCX_AGG(1.0),,I,MEX,,A,,SOCX,,PT_B1GQ,,ES10_20,,_T,,_T,,_Z,,2011,,7.21,,A,,0,,1,,_Z,,,
DATAFLOW,OECD.ELS.SPD:DSD_SOCX_AGG@DF_SOCX_AGG(1.0),,I,MEX,,A,,SOCX,,PT_B1GQ,,ES10_20,,_T,,_T,,_Z,,2012,,7.228,,A,,0,,1,,_Z,,,
DATAFLOW,OECD.ELS.SPD:DSD_SOCX_AGG@DF_SOCX_AGG(1.0),,I,MEX,,A,,SOCX,,PT_B1GQ,,ES10_20,,_T,,_T,,_Z,,2013,,7.565,,A,,0,,1,,_Z,,,
DATAFLOW,OECD.ELS.SPD:DSD_SOCX_AGG@DF_SOCX_AGG(1.0),,I,MEX,,A,,SOCX,,PT_B1GQ,,ES10_20,,_T,,_T,,_Z,,2014,,7.552,,A,,0,,1,,_Z,,,
DATAFLOW,OECD.ELS.SPD:DSD_SOCX_AGG@DF_SOCX_AGG(1.0),,I,COL,,A,,SOCX,,PT_B1GQ,,ES10_20,,_T,,_T,,_Z,,2016,,15.541,,A,,0,,1,,_Z,,,
DATAFLOW,OECD.ELS.SPD:DSD_SOCX_AGG@DF_SOCX_AGG(1.0),,I,COL,,A,,SOCX,,PT_B1GQ,,ES10_20,,_T,,_T,,_Z,,2017,,15.555,,A,,0,,1,,_Z,,,
DATAFLOW,OECD.ELS.SPD:DSD_SOCX_AGG@DF_SOCX_AGG(1.0),,I,COL,,A,,SOCX,,PT_B1GQ,,ES10_20,,_T,,_T,,_Z,,2018,,15.202,,A,,0,,1,,_Z,,,
DATAFLOW,OECD.ELS.SPD:DSD_SOCX_AGG@DF_SOCX_AGG(1.0),,I,COL,,A,,SOCX,,PT_B1GQ,,ES10_20,,_T,,_T,,_Z,,2019,,15.807,,A,,0,,1,,_Z,,,
DATAFLOW,OECD.ELS.SPD:DSD_SOCX_AGG@DF_SOCX_AGG(1.0),,I,COL,,A,,SOCX,,PT_B1GQ,,ES10_20,,_T,,_T,,_Z,,2020,,18.799,,A,,0,,1,,_Z,,,
DATAFLOW,OECD.ELS.SPD:DSD_SOCX_AGG@DF_SOCX_AGG(1.0),,I,COL,,A,,SOCX,,PT_B1GQ,,ES10_20,,_T,,_T,,_Z,,2021,,16.785,,A,,0,,1,,_Z,,,
DATAFLOW,OECD.ELS.SPD:DSD_SOCX_AGG@DF_SOCX_AGG(1.0),,I,COL,,A,,SOCX,,PT_B1GQ,,ES10_20,,_T,,_T,,_Z,,2010,,13.828,,A,,0,,1,,_Z,,,
DATAFLOW,OECD.ELS.SPD:DSD_SOCX_AGG@DF_SOCX_AGG(1.0),,I,COL,,A,,SOCX,,PT_B1GQ,,ES10_20,,_T,,_T,,_Z,,2011,,13.677,,A,,0,,1,,_Z,,,
DATAFLOW,OECD.ELS.SPD:DSD_SOCX_AGG@DF_SOCX_AGG(1.0),,I,COL,,A,,SOCX,,PT_B1GQ,,ES10_20,,_T,,_T,,_Z,,2012,,13.742,,A,,0,,1,,_Z,,,
DATAFLOW,OECD.ELS.SPD:DSD_SOCX_AGG@DF_SOCX_AGG(1.0),,I,COL,,A,,SOCX,,PT_B1GQ,,ES10_20,,_T,,_T,,_Z,,2013,,14.472,,A,,0,,1,,_Z,,,
DATAFLOW,OECD.ELS.SPD:DSD_SOCX_AGG@DF_SOCX_AGG(1.0),,I,COL,,A,,SOCX,,PT_B1GQ,,ES10_20,,_T,,_T,,_Z,,2014,,15.416,,A,,0,,1,,_Z,,,
DATAFLOW,OECD.ELS.SPD:DSD_SOCX_AGG@DF_SOCX_AGG(1.0),,I,COL,,A,,SOCX,,PT_B1GQ,,ES10_20,,_T,,_T,,_Z,,2015,,15.892,,A,,0,,1,,_Z,,,
DATAFLOW,OECD.ELS.SPD:DSD_SOCX_AGG@DF_SOCX_AGG(1.0),,I,CZE,,A,,SOCX,,PT_B1GQ,,ES10_20,,_T,,_T,,_Z,,2015,,19.673,,A,,0,,1,,_Z,,,
DATAFLOW,OECD.ELS.SPD:DSD_SOCX_AGG@DF_SOCX_AGG(1.0),,I,CZE,,A,,SOCX,,PT_B1GQ,,ES10_20,,_T,,_T,,_Z,,2016,,19.315,,A,,0,,1,,_Z,,,
DATAFLOW,OECD.ELS.SPD:DSD_SOCX_AGG@DF_SOCX_AGG(1.0),,I,CZE,,A,,SOCX,,PT_B1GQ,,ES10_20,,_T,,_T,,_Z,,2017,,19.37,,A,,0,,1,,_Z,,,
DATAFLOW,OECD.ELS.SPD:DSD_SOCX_AGG@DF_SOCX_AGG(1.0),,I,CZE,,A,,SOCX,,PT_B1GQ,,ES10_20,,_T,,_T,,_Z,,2018,,19.525,,A,,0,,1,,_Z,,,
DATAFLOW,OECD.ELS.SPD:DSD_SOCX_AGG@DF_SOCX_AGG(1.0),,I,CZE,,A,,SOCX,,PT_B1GQ,,ES10_20,,_T,,_T,,_Z,,2019,,19.866,,A,,0,,1,,_Z,,,
DATAFLOW,OECD.ELS.SPD:DSD_SOCX_AGG@DF_SOCX_AGG(1.0),,I,CZE,,A,,SOCX,,PT_B1GQ,,ES10_20,,_T,,_T,,_Z,,2010,,20.041,,A,,0,,1,,_Z,,,
DATAFLOW,OECD.ELS.SPD:DSD_SOCX_AGG@DF_SOCX_AGG(1.0),,I,CZE,,A,,SOCX,,PT_B1GQ,,ES10_20,,_T,,_T,,_Z,,2011,,20.145,,A,,0,,1,,_Z,,,
DATAFLOW,OECD.ELS.SPD:DSD_SOCX_AGG@DF_SOCX_AGG(1.0),,I,CZE,,A,,SOCX,,PT_B1GQ,,ES10_20,,_T,,_T,,_Z,,2012,,20.605,,A,,0,,1,,_Z,,,
DATAFLOW,OECD.ELS.SPD:DSD_SOCX_AGG@DF_SOCX_AGG(1.0),,I,CZE,,A,,SOCX,,PT_B1GQ,,ES10_20,,_T,,_T,,_Z,,2013,,21.033,,A,,0,,1,,_Z,,,
DATAFLOW,OECD.ELS.SPD:DSD_SOCX_AGG@DF_SOCX_AGG(1.0),,I,CZE,,A,,SOCX,,PT_B1GQ,,ES10_20,,_T,,_T,,_Z,,2014,,20.457,,A,,0,,1,,_Z,,,
DATAFLOW,OECD.ELS.SPD:DSD_SOCX_AGG@DF_SOCX_AGG(1.0),,I,SWE,,A,,SOCX,,PT_B1GQ,,ES10_20,,_T,,_T,,_Z,,2015,,26.515,,A,,0,,1,,_Z,,,
DATAFLOW,OECD.ELS.SPD:DSD_SOCX_AGG@DF_SOCX_AGG(1.0),,I,SWE,,A,,SOCX,,PT_B1GQ,,ES10_20,,_T,,_T,,_Z,,2016,,26.94,,A,,0,,1,,_Z,,,
DATAFLOW,OECD.ELS.SPD:DSD_SOCX_AGG@DF_SOCX_AGG(1.0),,I,SWE,,A,,SOCX,,PT_B1GQ,,ES10_20,,_T,,_T,,_Z,,2017,,26.256,,A,,0,,1,,_Z,,,
DATAFLOW,OECD.ELS.SPD:DSD_SOCX_AGG@DF_SOCX_AGG(1.0),,I,SWE,,A,,SOCX,,PT_B1GQ,,ES10_20,,_T,,_T,,_Z,,2018,,26.037,,A,,0,,1,,_Z,,,
DATAFLOW,OECD.ELS.SPD:DSD_SOCX_AGG@DF_SOCX_AGG(1.0),,I,SWE,,A,,SOCX,,PT_B1GQ,,ES10_20,,_T,,_T,,_Z,,2019,,25.472,,A,,0,,1,,_Z,,,
DATAFLOW,OECD.ELS.SPD:DSD_SOCX_AGG@DF_SOCX_AGG(1.0),,I,SWE,,A,,SOCX,,PT_B1GQ,,ES10_20,,_T,,_T,,_Z,,2010,,26.193,,A,,0,,1,,_Z,,,
DATAFLOW,OECD.ELS.SPD:DSD_SOCX_AGG@DF_SOCX_AGG(1.0),,I,SWE,,A,,SOCX,,PT_B1GQ,,ES10_20,,_T,,_T,,_Z,,2011,,25.625,,A,,0,,1,,_Z,,,
DATAFLOW,OECD.ELS.SPD:DSD_SOCX_AGG@DF_SOCX_AGG(1.0),,I,SWE,,A,,SOCX,,PT_B1GQ,,ES10_20,,_T,,_T,,_Z,,2012,,26.695,,A,,0,,1,,_Z,,,
DATAFLOW,OECD.ELS.SPD:DSD_SOCX_AGG@DF_SOCX_AGG(1.0),,I,SWE,,A,,SOCX,,PT_B1GQ,,ES10_20,,_T,,_T,,_Z,,2013,,27.369,,A,,0,,1,,_Z,,,
DATAFLOW,OECD.ELS.SPD:DSD_SOCX_AGG@DF_SOCX_AGG(1.0),,I,SWE,,A,,SOCX,,PT_B1GQ,,ES10_20,,_T,,_T,,_Z,,2014,,26.975,,A,,0,,1,,_Z,,,
DATAFLOW,OECD.ELS.SPD:DSD_SOCX_AGG@DF_SOCX_AGG(1.0),,I,IRL,,A,,SOCX,,PT_B1GQ,,ES10_20,,_T,,_T,,_Z,,2016,,15.13,,A,,0,,1,,_Z,,,
DATAFLOW,OECD.ELS.SPD:DSD_SOCX_AGG@DF_SOCX_AGG(1.0),,I,IRL,,A,,SOCX,,PT_B1GQ,,ES10_20,,_T,,_T,,_Z,,2017,,14.181,,A,,0,,1,,_Z,,,
DATAFLOW,OECD.ELS.SPD:DSD_SOCX_AGG@DF_SOCX_AGG(1.0),,I,IRL,,A,,SOCX,,PT_B1GQ,,ES10_20,,_T,,_T,,_Z,,2018,,13.519,,A,,0,,1,,_Z,,,
DATAFLOW,OECD.ELS.SPD:DSD_SOCX_AGG@DF_SOCX_AGG(1.0),,I,IRL,,A,,SOCX,,PT_B1GQ,,ES10_20,,_T,,_T,,_Z,,2019,,12.868,,A,,0,,1,,_Z,,,
DATAFLOW,OECD.ELS.SPD:DSD_SOCX_AGG@DF_SOCX_AGG(1.0),,I,IRL,,A,,SOCX,,PT_B1GQ,,ES10_20,,_T,,_T,,_Z,,2010,,24.134,,A,,0,,1,,_Z,,,
DATAFLOW,OECD.ELS.SPD:DSD_SOCX_AGG@DF_SOCX_AGG(1.0),,I,IRL,,A,,SOCX,,PT_B1GQ,,ES10_20,,_T,,_T,,_Z,,2011,,23.294,,A,,0,,1,,_Z,,,
DATAFLOW,OECD.ELS.SPD:DSD_SOCX_AGG@DF_SOCX_AGG(1.0),,I,IRL,,A,,SOCX,,PT_B1GQ,,ES10_20,,_T,,_T,,_Z,,2012,,23.048,,A,,0,,1,,_Z,,,
DATAFLOW,OECD.ELS.SPD:DSD_SOCX_AGG@DF_SOCX_AGG(1.0),,I,IRL,,A,,SOCX,,PT_B1GQ,,ES10_20,,_T,,_T,,_Z,,2013,,21.812,,A,,0,,1,,_Z,,,
DATAFLOW,OECD.ELS.SPD:DSD_SOCX_AGG@DF_SOCX_AGG(1.0),,I,IRL,,A,,SOCX,,PT_B1GQ,,ES10_20,,_T,,_T,,_Z,,2014,,20.092,,A,,0,,1,,_Z,,,
DATAFLOW,OECD.ELS.SPD:DSD_SOCX_AGG@DF_SOCX_AGG(1.0),,I,IRL,,A,,SOCX,,PT_B1GQ,,ES10_20,,_T,,_T,,_Z,,2015,,15.196,,A,,0,,1,,_Z,,,
DATAFLOW,OECD.ELS.SPD:DSD_SOCX_AGG@DF_SOCX_AGG(1.0),,I,NZL,,A,,SOCX,,PT_B1GQ,,ES10_20,,_T,,_T,,_Z,,2015,,20.04,,A,,0,,1,,_Z,,,
DATAFLOW,OECD.ELS.SPD:DSD_SOCX_AGG@DF_SOCX_AGG(1.0),,I,NZL,,A,,SOCX,,PT_B1GQ,,ES10_20,,_T,,_T,,_Z,,2016,,19.65,,A,,0,,1,,_Z,,,
DATAFLOW,OECD.ELS.SPD:DSD_SOCX_AGG@DF_SOCX_AGG(1.0),,I,NZL,,A,,SOCX,,PT_B1GQ,,ES10_20,,_T,,_T,,_Z,,2017,,18.652,,A,,0,,1,,_Z,,,
DATAFLOW,OECD.ELS.SPD:DSD_SOCX_AGG@DF_SOCX_AGG(1.0),,I,NZL,,A,,SOCX,,PT_B1GQ,,ES10_20,,_T,,_T,,_Z,,2018,,19.455,,A,,0,,1,,_Z,,,
DATAFLOW,OECD.ELS.SPD:DSD_SOCX_AGG@DF_SOCX_AGG(1.0),,I,NZL,,A,,SOCX,,PT_B1GQ,,ES10_20,,_T,,_T,,_Z,,2019,,23.642,,A,,0,,1,,_Z,,,
DATAFLOW,OECD.ELS.SPD:DSD_SOCX_AGG@DF_SOCX_AGG(1.0),,I,NZL,,A,,SOCX,,PT_B1GQ,,ES10_20,,_T,,_T,,_Z,,2020,,21.978,,A,,0,,1,,_Z,,,
DATAFLOW,OECD.ELS.SPD:DSD_SOCX_AGG@DF_SOCX_AGG(1.0),,I,NZL,,A,,SOCX,,PT_B1GQ,,ES10_20,,_T,,_T,,_Z,,2021,,20.825,,A,,0,,1,,_Z,,,
DATAFLOW,OECD.ELS.SPD:DSD_SOCX_AGG@DF_SOCX_AGG(1.0),,I,NZL,,A,,SOCX,,PT_B1GQ,,ES10_20,,_T,,_T,,_Z,,2010,,23.429,,A,,0,,1,,_Z,,,
DATAFLOW,OECD.ELS.SPD:DSD_SOCX_AGG@DF_SOCX_AGG(1.0),,I,NZL,,A,,SOCX,,PT_B1GQ,,ES10_20,,_T,,_T,,_Z,,2011,,22.933,,A,,0,,1,,_Z,,,
DATAFLOW,OECD.ELS.SPD:DSD_SOCX_AGG@DF_SOCX_AGG(1.0),,I,NZL,,A,,SOCX,,PT_B1GQ,,ES10_20,,_T,,_T,,_Z,,2012,,22.79,,A,,0,,1,,_Z,,,
DATAFLOW,OECD.ELS.SPD:DSD_SOCX_AGG@DF_SOCX_AGG(1.0),,I,NZL,,A,,SOCX,,PT_B1GQ,,ES10_20,,_T,,_T,,_Z,,2013,,21.26,,A,,0,,1,,_Z,,,
DATAFLOW,OECD.ELS.SPD:DSD_SOCX_AGG@DF_SOCX_AGG(1.0),,I,NZL,,A,,SOCX,,PT_B1GQ,,ES10_20,,_T,,_T,,_Z,,2014,,21.129,,A,,0,,1,,_Z,,,
DATAFLOW,OECD.ELS.SPD:DSD_SOCX_AGG@DF_SOCX_AGG(1.0),,I,ITA,,A,,SOCX,,PT_B1GQ,,ES10_20,,_T,,_T,,_Z,,2016,,28.908,,A,,0,,1,,_Z,,,
DATAFLOW,OECD.ELS.SPD:DSD_SOCX_AGG@DF_SOCX_AGG(1.0),,I,ITA,,A,,SOCX,,PT_B1GQ,,ES10_20,,_T,,_T,,_Z,,2017,,28.621,,A,,0,,1,,_Z,,,
DATAFLOW,OECD.ELS.SPD:DSD_SOCX_AGG@DF_SOCX_AGG(1.0),,I,ITA,,A,,SOCX,,PT_B1GQ,,ES10_20,,_T,,_T,,_Z,,2018,,28.471,,A,,0,,1,,_Z,,,
DATAFLOW,OECD.ELS.SPD:DSD_SOCX_AGG@DF_SOCX_AGG(1.0),,I,ITA,,A,,SOCX,,PT_B1GQ,,ES10_20,,_T,,_T,,_Z,,2019,,28.7,,A,,0,,1,,_Z,,,
DATAFLOW,OECD.ELS.SPD:DSD_SOCX_AGG@DF_SOCX_AGG(1.0),,I,ITA,,A,,SOCX,,PT_B1GQ,,ES10_20,,_T,,_T,,_Z,,2010,,28.161,,A,,0,,1,,_Z,,,
DATAFLOW,OECD.ELS.SPD:DSD_SOCX_AGG@DF_SOCX_AGG(1.0),,I,ITA,,A,,SOCX,,PT_B1GQ,,ES10_20,,_T,,_T,,_Z,,2011,,27.759,,A,,0,,1,,_Z,,,
DATAFLOW,OECD.ELS.SPD:DSD_SOCX_AGG@DF_SOCX_AGG(1.0),,I,ITA,,A,,SOCX,,PT_B1GQ,,ES10_20,,_T,,_T,,_Z,,2012,,28.482,,A,,0,,1,,_Z,,,
DATAFLOW,OECD.ELS.SPD:DSD_SOCX_AGG@DF_SOCX_AGG(1.0),,I,ITA,,A,,SOCX,,PT_B1GQ,,ES10_20,,_T,,_T,,_Z,,2013,,29.006,,A,,0,,1,,_Z,,,
DATAFLOW,OECD.ELS.SPD:DSD_SOCX_AGG@DF_SOCX_AGG(1.0),,I,ITA,,A,,SOCX,,PT_B1GQ,,ES10_20,,_T,,_T,,_Z,,2014,,29.196,,A,,0,,1,,_Z,,,
DATAFLOW,OECD.ELS.SPD:DSD_SOCX_AGG@DF_SOCX_AGG(1.0),,I,ITA,,A,,SOCX,,PT_B1GQ,,ES10_20,,_T,,_T,,_Z,,2015,,29.357,,A,,0,,1,,_Z,,,
DATAFLOW,OECD.ELS.SPD:DSD_SOCX_AGG@DF_SOCX_AGG(1.0),,I,GBR,,A,,SOCX,,PT_B1GQ,,ES10_20,,_T,,_T,,_Z,,2015,,22.089,,A,,0,,1,,_Z,,,
DATAFLOW,OECD.ELS.SPD:DSD_SOCX_AGG@DF_SOCX_AGG(1.0),,I,GBR,,A,,SOCX,,PT_B1GQ,,ES10_20,,_T,,_T,,_Z,,2016,,21.417,,A,,0,,1,,_Z,,,
DATAFLOW,OECD.ELS.SPD:DSD_SOCX_AGG@DF_SOCX_AGG(1.0),,I,GBR,,A,,SOCX,,PT_B1GQ,,ES10_20,,_T,,_T,,_Z,,2017,,20.971,,A,,0,,1,,_Z,,,
DATAFLOW,OECD.ELS.SPD:DSD_SOCX_AGG@DF_SOCX_AGG(1.0),,I,GBR,,A,,SOCX,,PT_B1GQ,,ES10_20,,_T,,_T,,_Z,,2018,,20.444,,A,,0,,1,,_Z,,,
DATAFLOW,OECD.ELS.SPD:DSD_SOCX_AGG@DF_SOCX_AGG(1.0),,I,GBR,,A,,SOCX,,PT_B1GQ,,ES10_20,,_T,,_T,,_Z,,2019,,20.126,,A,,0,,1,,_Z,,,
DATAFLOW,OECD.ELS.SPD:DSD_SOCX_AGG@DF_SOCX_AGG(1.0),,I,GBR,,A,,SOCX,,PT_B1GQ,,ES10_20,,_T,,_T,,_Z,,2020,,22.488,,A,,0,,1,,_Z,,,
DATAFLOW,OECD.ELS.SPD:DSD_SOCX_AGG@DF_SOCX_AGG(1.0),,I,GBR,,A,,SOCX,,PT_B1GQ,,ES10_20,,_T,,_T,,_Z,,2010,,23.799,,A,,0,,1,,_Z,,,
DATAFLOW,OECD.ELS.SPD:DSD_SOCX_AGG@DF_SOCX_AGG(1.0),,I,GBR,,A,,SOCX,,PT_B1GQ,,ES10_20,,_T,,_T,,_Z,,2011,,23.606,,A,,0,,1,,_Z,,,
DATAFLOW,OECD.ELS.SPD:DSD_SOCX_AGG@DF_SOCX_AGG(1.0),,I,GBR,,A,,SOCX,,PT_B1GQ,,ES10_20,,_T,,_T,,_Z,,2012,,23.736,,A,,0,,1,,_Z,,,
DATAFLOW,OECD.ELS.SPD:DSD_SOCX_AGG@DF_SOCX_AGG(1.0),,I,GBR,,A,,SOCX,,PT_B1GQ,,ES10_20,,_T,,_T,,_Z,,2013,,23.02,,A,,0,,1,,_Z,,,
DATAFLOW,OECD.ELS.SPD:DSD_SOCX_AGG@DF_SOCX_AGG(1.0),,I,GBR,,A,,SOCX,,PT_B1GQ,,ES10_20,,_T,,_T,,_Z,,2014,,22.49,,A,,0,,1,,_Z,,,
DATAFLOW,OECD.ELS.SPD:DSD_SOCX_AGG@DF_SOCX_AGG(1.0),,I,KOR,,A,,SOCX,,PT_B1GQ,,ES10_20,,_T,,_T,,_Z,,2016,,10.79,,A,,0,,1,,_Z,,,
DATAFLOW,OECD.ELS.SPD:DSD_SOCX_AGG@DF_SOCX_AGG(1.0),,I,KOR,,A,,SOCX,,PT_B1GQ,,ES10_20,,_T,,_T,,_Z,,2017,,10.945,,A,,0,,1,,_Z,,,
DATAFLOW,OECD.ELS.SPD:DSD_SOCX_AGG@DF_SOCX_AGG(1.0),,I,KOR,,A,,SOCX,,PT_B1GQ,,ES10_20,,_T,,_T,,_Z,,2018,,11.756,,A,,0,,1,,_Z,,,
DATAFLOW,OECD.ELS.SPD:DSD_SOCX_AGG@DF_SOCX_AGG(1.0),,I,KOR,,A,,SOCX,,PT_B1GQ,,ES10_20,,_T,,_T,,_Z,,2019,,13.255,,A,,0,,1,,_Z,,,
DATAFLOW,OECD.ELS.SPD:DSD_SOCX_AGG@DF_SOCX_AGG(1.0),,I,KOR,,A,,SOCX,,PT_B1GQ,,ES10_20,,_T,,_T,,_Z,,2020,,15.576,,A,,0,,1,,_Z,,,
DATAFLOW,OECD.ELS.SPD:DSD_SOCX_AGG@DF_SOCX_AGG(1.0),,I,KOR,,A,,SOCX,,PT_B1GQ,,ES10_20,,_T,,_T,,_Z,,2010,,8.423,,A,,0,,1,,_Z,,,
DATAFLOW,OECD.ELS.SPD:DSD_SOCX_AGG@DF_SOCX_AGG(1.0),,I,KOR,,A,,SOCX,,PT_B1GQ,,ES10_20,,_T,,_T,,_Z,,2011,,8.382,,A,,0,,1,,_Z,,,
DATAFLOW,OECD.ELS.SPD:DSD_SOCX_AGG@DF_SOCX_AGG(1.0),,I,KOR,,A,,SOCX,,PT_B1GQ,,ES10_20,,_T,,_T,,_Z,,2012,,8.961,,A,,0,,1,,_Z,,,
DATAFLOW,OECD.ELS.SPD:DSD_SOCX_AGG@DF_SOCX_AGG(1.0),,I,KOR,,A,,SOCX,,PT_B1GQ,,ES10_20,,_T,,_T,,_Z,,2013,,9.462,,A,,0,,1,,_Z,,,
DATAFLOW,OECD.ELS.SPD:DSD_SOCX_AGG@DF_SOCX_AGG(1.0),,I,KOR,,A,,SOCX,,PT_B1GQ,,ES10_20,,_T,,_T,,_Z,,2014,,9.91,,A,,0,,1,,_Z,,,
DATAFLOW,OECD.ELS.SPD:DSD_SOCX_AGG@DF_SOCX_AGG(1.0),,I,KOR,,A,,SOCX,,PT_B1GQ,,ES10_20,,_T,,_T,,_Z,,2015,,10.546,,A,,0,,1,,_Z,,,
DATAFLOW,OECD.ELS.SPD:DSD_SOCX_AGG@DF_SOCX_AGG(1.0),,I,CHE,,A,,SOCX,,PT_B1GQ,,ES10_20,,_T,,_T,,_Z,,2016,,26.485,,A,,0,,1,,_Z,,,
DATAFLOW,OECD.ELS.SPD:DSD_SOCX_AGG@DF_SOCX_AGG(1.0),,I,CHE,,A,,SOCX,,PT_B1GQ,,ES10_20,,_T,,_T,,_Z,,2017,,26.87,,A,,0,,1,,_Z,,,
DATAFLOW,OECD.ELS.SPD:DSD_SOCX_AGG@DF_SOCX_AGG(1.0),,I,CHE,,A,,SOCX,,PT_B1GQ,,ES10_20,,_T,,_T,,_Z,,2018,,26.255,,A,,0,,1,,_Z,,,
DATAFLOW,OECD.ELS.SPD:DSD_SOCX_AGG@DF_SOCX_AGG(1.0),,I,CHE,,A,,SOCX,,PT_B1GQ,,ES10_20,,_T,,_T,,_Z,,2019,,26.771,,A,,0,,1,,_Z,,,
DATAFLOW,OECD.ELS.SPD:DSD_SOCX_AGG@DF_SOCX_AGG(1.0),,I,CHE,,A,,SOCX,,PT_B1GQ,,ES10_20,,_T,,_T,,_Z,,2010,,24.254,,A,,0,,1,,_Z,,,
DATAFLOW,OECD.ELS.SPD:DSD_SOCX_AGG@DF_SOCX_AGG(1.0),,I,CHE,,A,,SOCX,,PT_B1GQ,,ES10_20,,_T,,_T,,_Z,,2011,,24.253,,A,,0,,1,,_Z,,,
DATAFLOW,OECD.ELS.SPD:DSD_SOCX_AGG@DF_SOCX_AGG(1.0),,I,CHE,,A,,SOCX,,PT_B1GQ,,ES10_20,,_T,,_T,,_Z,,2012,,24.693,,A,,0,,1,,_Z,,,
DATAFLOW,OECD.ELS.SPD:DSD_SOCX_AGG@DF_SOCX_AGG(1.0),,I,CHE,,A,,SOCX,,PT_B1GQ,,ES10_20,,_T,,_T,,_Z,,2013,,25.255,,A,,0,,1,,_Z,,,
DATAFLOW,OECD.ELS.SPD:DSD_SOCX_AGG@DF_SOCX_AGG(1.0),,I,CHE,,A,,SOCX,,PT_B1GQ,,ES10_20,,_T,,_T,,_Z,,2014,,25.302,,A,,0,,1,,_Z,,,
DATAFLOW,OECD.ELS.SPD:DSD_SOCX_AGG@DF_SOCX_AGG(1.0),,I,CHE,,A,,SOCX,,PT_B1GQ,,ES10_20,,_T,,_T,,_Z,,2015,,26.119,,A,,0,,1,,_Z,,,
DATAFLOW,OECD.ELS.SPD:DSD_SOCX_AGG@DF_SOCX_AGG(1.0),,I,JPN,,A,,SOCX,,PT_B1GQ,,ES10_20,,_T,,_T,,_Z,,2016,,22.366,,A,,0,,1,,_Z,,,
DATAFLOW,OECD.ELS.SPD:DSD_SOCX_AGG@DF_SOCX_AGG(1.0),,I,JPN,,A,,SOCX,,PT_B1GQ,,ES10_20,,_T,,_T,,_Z,,2017,,22.43,,A,,0,,1,,_Z,,,
DATAFLOW,OECD.ELS.SPD:DSD_SOCX_AGG@DF_SOCX_AGG(1.0),,I,JPN,,A,,SOCX,,PT_B1GQ,,ES10_20,,_T,,_T,,_Z,,2018,,22.534,,A,,0,,1,,_Z,,,
DATAFLOW,OECD.ELS.SPD:DSD_SOCX_AGG@DF_SOCX_AGG(1.0),,I,JPN,,A,,SOCX,,PT_B1GQ,,ES10_20,,_T,,_T,,_Z,,2019,,23.107,,A,,0,,1,,_Z,,,
DATAFLOW,OECD.ELS.SPD:DSD_SOCX_AGG@DF_SOCX_AGG(1.0),,I,JPN,,A,,SOCX,,PT_B1GQ,,ES10_20,,_T,,_T,,_Z,,2020,,25.294,,A,,0,,1,,_Z,,,
DATAFLOW,OECD.ELS.SPD:DSD_SOCX_AGG@DF_SOCX_AGG(1.0),,I,JPN,,A,,SOCX,,PT_B1GQ,,ES10_20,,_T,,_T,,_Z,,2010,,21.538,,A,,0,,1,,_Z,,,
DATAFLOW,OECD.ELS.SPD:DSD_SOCX_AGG@DF_SOCX_AGG(1.0),,I,JPN,,A,,SOCX,,PT_B1GQ,,ES10_20,,_T,,_T,,_Z,,2011,,22.45,,A,,0,,1,,_Z,,,
DATAFLOW,OECD.ELS.SPD:DSD_SOCX_AGG@DF_SOCX_AGG(1.0),,I,JPN,,A,,SOCX,,PT_B1GQ,,ES10_20,,_T,,_T,,_Z,,2012,,22.384,,A,,0,,1,,_Z,,,
DATAFLOW,OECD.ELS.SPD:DSD_SOCX_AGG@DF_SOCX_AGG(1.0),,I,JPN,,A,,SOCX,,PT_B1GQ,,ES10_20,,_T,,_T,,_Z,,2013,,22.37,,A,,0,,1,,_Z,,,
DATAFLOW,OECD.ELS.SPD:DSD_SOCX_AGG@DF_SOCX_AGG(1.0),,I,JPN,,A,,SOCX,,PT_B1GQ,,ES10_20,,_T,,_T,,_Z,,2014,,22.104,,A,,0,,1,,_Z,,,
DATAFLOW,OECD.ELS.SPD:DSD_SOCX_AGG@DF_SOCX_AGG(1.0),,I,JPN,,A,,SOCX,,PT_B1GQ,,ES10_20,,_T,,_T,,_Z,,2015,,22.39,,A,,0,,1,,_Z,,,
DATAFLOW,OECD.ELS.SPD:DSD_SOCX_AGG@DF_SOCX_AGG(1.0),,I,LVA,,A,,SOCX,,PT_B1GQ,,ES10_20,,_T,,_T,,_Z,,2015,,15.712,,A,,0,,1,,_Z,,,
DATAFLOW,OECD.ELS.SPD:DSD_SOCX_AGG@DF_SOCX_AGG(1.0),,I,LVA,,A,,SOCX,,PT_B1GQ,,ES10_20,,_T,,_T,,_Z,,2016,,15.973,,A,,0,,1,,_Z,,,
DATAFLOW,OECD.ELS.SPD:DSD_SOCX_AGG@DF_SOCX_AGG(1.0),,I,LVA,,A,,SOCX,,PT_B1GQ,,ES10_20,,_T,,_T,,_Z,,2017,,15.812,,A,,0,,1,,_Z,,,
DATAFLOW,OECD.ELS.SPD:DSD_SOCX_AGG@DF_SOCX_AGG(1.0),,I,LVA,,A,,SOCX,,PT_B1GQ,,ES10_20,,_T,,_T,,_Z,,2018,,16.142,,A,,0,,1,,_Z,,,
DATAFLOW,OECD.ELS.SPD:DSD_SOCX_AGG@DF_SOCX_AGG(1.0),,I,LVA,,A,,SOCX,,PT_B1GQ,,ES10_20,,_T,,_T,,_Z,,2019,,16.523,,A,,0,,1,,_Z,,,
DATAFLOW,OECD.ELS.SPD:DSD_SOCX_AGG@DF_SOCX_AGG(1.0),,I,LVA,,A,,SOCX,,PT_B1GQ,,ES10_20,,_T,,_T,,_Z,,2010,,19.122,,A,,0,,1,,_Z,,,
DATAFLOW,OECD.ELS.SPD:DSD_SOCX_AGG@DF_SOCX_AGG(1.0),,I,LVA,,A,,SOCX,,PT_B1GQ,,ES10_20,,_T,,_T,,_Z,,2011,,16.909,,A,,0,,1,,_Z,,,
DATAFLOW,OECD.ELS.SPD:DSD_SOCX_AGG@DF_SOCX_AGG(1.0),,I,LVA,,A,,SOCX,,PT_B1GQ,,ES10_20,,_T,,_T,,_Z,,2012,,15.322,,A,,0,,1,,_Z,,,
DATAFLOW,OECD.ELS.SPD:DSD_SOCX_AGG@DF_SOCX_AGG(1.0),,I,LVA,,A,,SOCX,,PT_B1GQ,,ES10_20,,_T,,_T,,_Z,,2013,,15.54,,A,,0,,1,,_Z,,,
DATAFLOW,OECD.ELS.SPD:DSD_SOCX_AGG@DF_SOCX_AGG(1.0),,I,LVA,,A,,SOCX,,PT_B1GQ,,ES10_20,,_T,,_T,,_Z,,2014,,15.377,,A,,0,,1,,_Z,,,
DATAFLOW,OECD.ELS.SPD:DSD_SOCX_AGG@DF_SOCX_AGG(1.0),,I,ESP,,A,,SOCX,,PT_B1GQ,,ES10_20,,_T,,_T,,_Z,,2015,,24.707,,A,,0,,1,,_Z,,,
DATAFLOW,OECD.ELS.SPD:DSD_SOCX_AGG@DF_SOCX_AGG(1.0),,I,ESP,,A,,SOCX,,PT_B1GQ,,ES10_20,,_T,,_T,,_Z,,2016,,24.245,,A,,0,,1,,_Z,,,
DATAFLOW,OECD.ELS.SPD:DSD_SOCX_AGG@DF_SOCX_AGG(1.0),,I,ESP,,A,,SOCX,,PT_B1GQ,,ES10_20,,_T,,_T,,_Z,,2017,,23.927,,A,,0,,1,,_Z,,,
DATAFLOW,OECD.ELS.SPD:DSD_SOCX_AGG@DF_SOCX_AGG(1.0),,I,ESP,,A,,SOCX,,PT_B1GQ,,ES10_20,,_T,,_T,,_Z,,2018,,24.034,,A,,0,,1,,_Z,,,
DATAFLOW,OECD.ELS.SPD:DSD_SOCX_AGG@DF_SOCX_AGG(1.0),,I,ESP,,A,,SOCX,,PT_B1GQ,,ES10_20,,_T,,_T,,_Z,,2019,,24.647,,A,,0,,1,,_Z,,,
DATAFLOW,OECD.ELS.SPD:DSD_SOCX_AGG@DF_SOCX_AGG(1.0),,I,ESP,,A,,SOCX,,PT_B1GQ,,ES10_20,,_T,,_T,,_Z,,2010,,24.902,,A,,0,,1,,_Z,,,
DATAFLOW,OECD.ELS.SPD:DSD_SOCX_AGG@DF_SOCX_AGG(1.0),,I,ESP,,A,,SOCX,,PT_B1GQ,,ES10_20,,_T,,_T,,_Z,,2011,,25.541,,A,,0,,1,,_Z,,,
DATAFLOW,OECD.ELS.SPD:DSD_SOCX_AGG@DF_SOCX_AGG(1.0),,I,ESP,,A,,SOCX,,PT_B1GQ,,ES10_20,,_T,,_T,,_Z,,2012,,25.55,,A,,0,,1,,_Z,,,
DATAFLOW,OECD.ELS.SPD:DSD_SOCX_AGG@DF_SOCX_AGG(1.0),,I,ESP,,A,,SOCX,,PT_B1GQ,,ES10_20,,_T,,_T,,_Z,,2013,,25.705,,A,,0,,1,,_Z,,,
DATAFLOW,OECD.ELS.SPD:DSD_SOCX_AGG@DF_SOCX_AGG(1.0),,I,ESP,,A,,SOCX,,PT_B1GQ,,ES10_20,,_T,,_T,,_Z,,2014,,25.373,,A,,0,,1,,_Z,,,
DATAFLOW,OECD.ELS.SPD:DSD_SOCX_AGG@DF_SOCX_AGG(1.0),,I,SVK,,A,,SOCX,,PT_B1GQ,,ES10_20,,_T,,_T,,_Z,,2015,,17.37,,A,,0,,1,,_Z,,,
DATAFLOW,OECD.ELS.SPD:DSD_SOCX_AGG@DF_SOCX_AGG(1.0),,I,SVK,,A,,SOCX,,PT_B1GQ,,ES10_20,,_T,,_T,,_Z,,2016,,17.741,,A,,0,,1,,_Z,,,
DATAFLOW,OECD.ELS.SPD:DSD_SOCX_AGG@DF_SOCX_AGG(1.0),,I,SVK,,A,,SOCX,,PT_B1GQ,,ES10_20,,_T,,_T,,_Z,,2017,,17.624,,A,,0,,1,,_Z,,,
DATAFLOW,OECD.ELS.SPD:DSD_SOCX_AGG@DF_SOCX_AGG(1.0),,I,SVK,,A,,SOCX,,PT_B1GQ,,ES10_20,,_T,,_T,,_Z,,2018,,17.279,,A,,0,,1,,_Z,,,
DATAFLOW,OECD.ELS.SPD:DSD_SOCX_AGG@DF_SOCX_AGG(1.0),,I,SVK,,A,,SOCX,,PT_B1GQ,,ES10_20,,_T,,_T,,_Z,,2019,,17.552,,A,,0,,1,,_Z,,,
DATAFLOW,OECD.ELS.SPD:DSD_SOCX_AGG@DF_SOCX_AGG(1.0),,I,SVK,,A,,SOCX,,PT_B1GQ,,ES10_20,,_T,,_T,,_Z,,2010,,17.535,,A,,0,,1,,_Z,,,
DATAFLOW,OECD.ELS.SPD:DSD_SOCX_AGG@DF_SOCX_AGG(1.0),,I,SVK,,A,,SOCX,,PT_B1GQ,,ES10_20,,_T,,_T,,_Z,,2011,,17.283,,A,,0,,1,,_Z,,,
DATAFLOW,OECD.ELS.SPD:DSD_SOCX_AGG@DF_SOCX_AGG(1.0),,I,SVK,,A,,SOCX,,PT_B1GQ,,ES10_20,,_T,,_T,,_Z,,2012,,17.481,,A,,0,,1,,_Z,,,
DATAFLOW,OECD.ELS.SPD:DSD_SOCX_AGG@DF_SOCX_AGG(1.0),,I,SVK,,A,,SOCX,,PT_B1GQ,,ES10_20,,_T,,_T,,_Z,,2013,,17.796,,A,,0,,1,,_Z,,,
DATAFLOW,OECD.ELS.SPD:DSD_SOCX_AGG@DF_SOCX_AGG(1.0),,I,SVK,,A,,SOCX,,PT_B1GQ,,ES10_20,,_T,,_T,,_Z,,2014,,17.89,,A,,0,,1,,_Z,,,
